"seqnames","start","end","width","logFC","AveExpr","P.Value","annotation","geneId","SYMBOL","GENENAME","distanceToTSS"
"chr16_KI270728v1_random",232020,233195,1176,-0.416343391276729,3.20271792401362,0.000132687495943128,"Distal Intergenic","102723655","LOC102723655","TP53-target gene 3 protein",214786
"chr1",160480274,160481517,1244,-1.6455789199982,1.10972427608021,0.000229169420358133,"Distal Intergenic","114836","SLAMF6","SLAM family member 6",41725
"chr16",67053306,67055046,1741,-1.8011824641292,1.24465215544187,0.000526531584433178,"Intron (ENST00000651988.1/865, intron 3 of 5)","865","CBFB","core-binding factor subunit beta",16879
"chr2",25160975,25162009,1035,-1.6279608324137,1.27369903390577,0.000686736749486143,"3' UTR","5443","POMC","proopiomelanocortin",6562
"chr22",46279956,46282932,2977,-1.4155770211464,0.976822793249343,0.000707007608261408,"3' UTR","55020","TTC38","tetratricopeptide repeat domain 38",-5578
"chr17",40607662,40609431,1770,-1.00541541423429,0.68463737088488,0.000728444945038668,"Distal Intergenic","6605","SMARCE1","SWI/SNF related, matrix associated, actin dependent regulator of chromatin, subfamily e, member 1",22330
"chr19",1037476,1038876,1401,-1.33448349787464,0.987169265374112,0.00081281019452693,"Promoter (1-2kb)","10347","ABCA7","ATP binding cassette subfamily A member 7",-1121
"chr21",44966776,44969053,2278,-1.3033420988416,0.937653277845399,0.000976575868917888,"Exon (ENST00000458015.1/85395, exon 4 of 5)","85395","SLX9","SLX9 ribosome biogenesis factor",-4003
"chr11",128512442,128513127,686,-1.00599222290499,0.702298398354379,0.00110940509965668,"Intron (ENST00000535549.5/2113, intron 1 of 3)","2113","ETS1","ETS proto-oncogene 1, transcription factor",-7048
"chr18",10006116,10007466,1351,-1.53958571047932,0.769792855239659,0.0013976491882739,"Distal Intergenic","9218","VAPA","VAMP associated protein A",69389
"chr3",72454831,72456095,1265,-1.66385750269383,0.831928751346917,0.00140332388975576,"Distal Intergenic","23429","RYBP","RING1 and YY1 binding protein",-8210
"chr5",39178767,39179881,1115,-1.08269667283349,0.882401048569579,0.00142823931133649,"Intron (ENST00000351578.12/2533, intron 2 of 17)","2533","FYB1","FYN binding protein 1",23146
"chr22",42892381,42893587,1207,-0.96033192638968,0.48016596319484,0.00145505191402625,"Exon (ENST00000337959.8/11252, exon 3 of 10)","26286","ARFGAP3","ADP ribosylation factor GTPase activating protein 3",-16174
"chr5",160293667,160294965,1299,-1.45879178746434,0.729395893732172,0.00149805209798598,"3' UTR","79616","CCNJL","cyclin J like",17511
"chr5",160268144,160270016,1873,-1.5239033363557,0.761951668177852,0.00151651550886921,"Exon (ENST00000377503.6/79616, exon 4 of 8)","2172","FABP6","fatty acid binding protein 6",36109
"chr8",129986288,129988115,1828,-1.19844647263,0.599223236315002,0.00152468295256048,"Intron (ENST00000694912.1/51571, intron 1 of 13)","51571","CYRIB","CYFIP related Rac1 interactor B",-15298
"chr16",48317798,48319369,1572,-1.54722733410343,1.48420236385528,0.00156955672237912,"Intron (ENST00000285737.9/83752, intron 11 of 14)","83752","LONP2","lon peptidase 2, peroxisomal",-14943
"chr6",37489727,37490853,1127,-1.17229129259348,0.866375945552719,0.00167852600244992,"Intron (ENST00000373408.4/154467, intron 1 of 3)","154467","CCDC167","coiled-coil domain containing 167",9040
"chr22",23278494,23280361,1868,-1.39300144951473,0.992206850465606,0.00199233021661226,"Promoter (2-3kb)","613","BCR","BCR activator of RhoGEF and GTPase",-2848
"chr1",160436994,160439218,2225,-0.387746441338146,2.90945892980714,0.00212964510467219,"Distal Intergenic","57216","VANGL2","VANGL planar cell polarity protein 2",17501
"chr1",172670149,172670711,563,-1.3498776701663,1.17528834814786,0.00218420158659015,"Distal Intergenic","356","FASLG","Fas ligand",11005
"chr4",37865391,37867046,1656,-1.7733310877467,1.3532446896502,0.00223495190368328,"Exon (ENST00000623925.1/ENST00000623925.1, exon 1 of 1)","55276","PGM2","phosphoglucomutase 2",18351
"chr4",153432946,153434161,1216,-1.57716092661438,1.47313122812866,0.00243569282277915,"Distal Intergenic","23240","TMEM131L","transmembrane 131 like",-32185
"chr6",498559,499760,1202,-1.54285300010092,1.36907827263781,0.00255999584955742,"Exon (ENST00000230449.9/55770, exon 24 of 28)","3662","IRF4","interferon regulatory factor 4",106782
"chr19",16371900,16373072,1173,-0.934796355883543,0.678367331914611,0.00271851313498144,"Intron (ENST00000602022.5/58513, intron 21 of 22)","58513","EPS15L1","epidermal growth factor receptor pathway substrate 15 like 1",-9947
"chr6",16620389,16622080,1692,-1.53441341120543,1.13378787891253,0.00276556241021831,"Intron (ENST00000244769.8/6310, intron 4 of 8)","6310","ATXN1","ataxin 1",128012
"chr1_GL383520v2_alt",255587,256619,1033,-1.40863450082623,1.2689545601788,0.00284616676757205,"Distal Intergenic","5788","PTPRC","protein tyrosine phosphatase receptor type C",-23457
"chr14",61438773,61439862,1090,-1.39512462756231,1.14420219714895,0.00308725891136212,"Promoter (2-3kb)","5583","PRKCH","protein kinase C eta",-2696
"chr5",17254949,17256509,1561,-1.52201194865867,1.41621609097493,0.00318238789516887,"Intron (ENST00000606445.1/10409, intron 3 of 3)","10409","BASP1","brain abundant membrane attached signal protein 1",37318
"chr4",11470476,11472056,1581,-1.54268654679821,1.5480410529301,0.0032402393772975,"Intron (ENST00000515343.1/ENST00000515343.1, intron 1 of 1)","9957","HS3ST1","heparan sulfate-glucosamine 3-sulfotransferase 1",-40912
"chr14",70871794,70872898,1105,-1.67243907834411,1.63392629285914,0.00360382112762636,"Distal Intergenic","22990","PCNX1","pecanex 1",-34507
"chr6",142884980,142885605,626,-1.44061769165471,1.7164596356334,0.00363242475932759,"Intron (ENST00000012134.7/3097, intron 1 of 8)","3097","HIVEP2","HIVEP zinc finger 2",-47933
"chr19",2087328,2087998,671,-0.770522156969217,0.632718466216946,0.00367464834385419,"Promoter (1-2kb)","126308","MOB3A","MOB kinase activator 3A",-1676
"chr6",144675022,144675881,860,-1.39196925431605,0.997881394218971,0.0038011658875814,"Intron (ENST00000367545.8/7402, intron 51 of 74)","7402","UTRN","utrophin",15178
"chr12",3704554,3705830,1277,-1.59352361210629,1.65416713737505,0.00385487539464104,"Intron (ENST00000440314.7/84766, intron 3 of 19)","84766","CRACR2A","calcium release activated channel regulator 2A",-31030
"chr1",181396805,181398291,1487,-1.26693415363731,1.17155569905438,0.00391326949682184,"Intron (ENST00000524607.6/777, intron 1 of 11)","777","CACNA1E","calcium voltage-gated channel subunit alpha1 E",79115
"chr4",87209891,87210481,591,-1.50577380875066,1.14360501976812,0.00397075563658467,"Intron (ENST00000273963.10/57563, intron 1 of 9)","57563","KLHL8","kelch like family member 8",9787
"chr1",17097777,17100117,2341,-1.33322057321777,1.28655330671801,0.00409717842722447,"Intron (ENST00000375486.9/11240, intron 3 of 15)","11240","PADI2","peptidyl arginine deiminase 2",-14351
"chrX",20362189,20363377,1189,-1.49994530136466,1.60693874211973,0.0041530334637555,"Distal Intergenic","6197","RPS6KA3","ribosomal protein S6 kinase A3",-94670
"chr8",11456223,11458391,2169,-1.25848404251592,1.22586172869043,0.0041531453437482,"Intron (ENST00000284486.9/83648, intron 1 of 2)","83648","FAM167A","family with sequence similarity 167 member A",8344
"chr6",142926356,142927580,1225,-0.444899733258076,2.96041139698272,0.00416587530910875,"Intron (ENST00000012134.7/3097, intron 1 of 8)","3097","HIVEP2","HIVEP zinc finger 2",17017
"chr17",41339468,41342061,2594,-1.42856654797625,1.27852414033711,0.00420875925483376,"Distal Intergenic","3883","KRT33A","keratin 33A",8767
"chr1",12142341,12144403,2063,-0.946122949671023,0.844716796482942,0.00431575057830551,"3' UTR","943","TNFRSF8","TNF receptor superfamily member 8",16407
"chr3",66311817,66312972,1156,-1.39734349118384,1.33252252690804,0.00447509961088586,"Intron (ENST00000676754.1/115286, intron 6 of 10)","115286","SLC25A26","solute carrier family 25 member 26",12581
"chr5",39164000,39165292,1293,-1.48902251473441,1.32208198909558,0.00475111554573711,"Intron (ENST00000351578.12/2533, intron 2 of 17)","2533","FYB1","FYN binding protein 1",-36193
"chr6",46174617,46175564,948,-1.45545773116659,1.06452426896289,0.00478279018685252,"Distal Intergenic","59084","ENPP5","ectonucleotide pyrophosphatase/phosphodiesterase family member 5",-3637
"chr14",99191199,99192693,1495,-0.837117840140436,0.620928600075909,0.00478676194407678,"Intron (ENST00000345514.2/64919, intron 2 of 2)","64919","BCL11B","BCL11 transcription factor B",78792
"chr3",14418277,14419665,1389,-1.11888547547459,0.821723529418594,0.00480267150127915,"Intron (ENST00000610642.4/6533, intron 2 of 10)","6533","SLC6A6","solute carrier family 6 member 6",-13005
"chr3",32457809,32458525,717,-0.931575342840565,0.839128947978518,0.00503098975932015,"Intron (ENST00000487007.1/112616, intron 3 of 3)","112616","CMTM7","CKLF like MARVEL transmembrane domain containing 7",6806
"chr6",148700709,148701631,923,-1.35614809955956,1.11529350567082,0.00512081896468957,"Distal Intergenic","10090","UST","uronyl 2-sulfotransferase",-45399
"chr2",60992630,60993631,1002,-0.553441519403162,2.80248352512724,0.00514332012511874,"Intron (ENST00000602599.1/150962, intron 4 of 15)","150962","PUS10","pseudouridine synthase 10",23562
"chr9",72925019,72926293,1275,-1.61612921113264,1.28965715763337,0.00530507036896281,"Exon (ENST00000297785.8/216, exon 6 of 13)","216","ALDH1A1","aldehyde dehydrogenase 1 family member A1",26669
"chr4",99846873,99848366,1494,-1.3432398179271,1.23384086924287,0.00533020795369689,"Intron (ENST00000512369.2/27071, intron 3 of 8)","27071","DAPP1","dual adaptor of phosphotyrosine and 3-phosphoinositides 1",-16506
"chr7",50340066,50340537,472,-0.747506711522231,0.511614797309787,0.00535286034816762,"Intron (ENST00000698573.1/10320, intron 3 of 4)","10320","IKZF1","IKAROS family zinc finger 1",12417
"chr15",63489808,63492468,2661,-1.00133544620601,0.87265498427129,0.00535880969868099,"Distal Intergenic","9960","USP3","ubiquitin specific peptidase 3",-12043
"chr1",143947415,143948482,1068,-1.44766449015395,1.10470055286004,0.00558051476168066,"Distal Intergenic","554282","FAM72C","family with sequence similarity 72 member C",23483
"chr9",137628028,137628858,831,-1.43259954958916,1.24523541829864,0.00558849975539369,"Intron (ENST00000637510.1/92714, intron 1 of 1)","79813","EHMT1","euchromatic histone lysine methyltransferase 1",7981
"chr8",127758613,127761689,3077,-1.25164882907078,1.25797187730347,0.00565251085679488,"Distal Intergenic","4609","MYC","MYC proto-oncogene, bHLH transcription factor",19540
"chr17",68235218,68235824,607,-0.987518942004745,0.689558851573422,0.00567260358524588,"Intron (ENST00000674770.2/51321, intron 1 of 7)","51321","AMZ2","archaelysin family metallopeptidase 2",-12106
"chr10",22629930,22630380,451,-1.25140089932742,0.865591539512222,0.00577472016266134,"Intron (ENST00000376573.9/5305, intron 1 of 9)","5305","PIP4K2A","phosphatidylinositol-5-phosphate 4-kinase type 2 alpha",-20213
"chr7",36708785,36709636,852,-1.37531454761852,0.970876640171714,0.00581064202382762,"Intron (ENST00000617537.5/313, intron 1 of 20)","313","AOAH","acyloxyacyl hydrolase",14813
"chr1",149768589,149769937,1349,-1.52149139612862,1.15583399662966,0.00582730870820454,"Distal Intergenic","2209","FCGR1A","Fc gamma receptor Ia",-12734
"chr7",42887709,42889316,1608,-1.48914122906574,1.59061151733879,0.00597968484840219,"Exon (ENST00000702745.1/ENST00000702745.1, exon 1 of 1)","79020","C7orf25","chromosome 7 open reading frame 25",22594
"chr6",25026769,25028470,1702,-1.29582325960573,1.28173185027868,0.0060193414404258,"Intron (ENST00000510784.8/9750, intron 1 of 13)","9750","RIPOR2","RHO family interacting cell polarization regulator 2",13548
"chr17",27488535,27489902,1368,-1.31251337725641,1.26557197338692,0.00612859444208928,"Intron (ENST00000644974.2/8844, intron 1 of 20)","8844","KSR1","kinase suppressor of ras 1",16522
"chr12",120013048,120014002,955,-1.31866528273207,1.24302698639986,0.00614392622328654,"Intron (ENST00000548673.6/92558, intron 2 of 9)","92558","BICDL1","BICD family like cargo adaptor 1",13195
"chr14",65156252,65157607,1356,-1.50666851528086,1.63205508054119,0.0061642622617652,"Distal Intergenic","4149","MAX","MYC associated factor X",-53557
"chr4",40711227,40712261,1035,-1.37202735927573,1.34752917570928,0.00630006456501503,"Distal Intergenic","79730","NSUN7","NOP2/Sun RNA methyltransferase family member 7",-37664
"chr2",108612164,108613096,933,-1.38664524638847,1.29885120881652,0.00638756362991314,"Intron (ENST00000695516.1/3987, intron 1 of 9)","3987","LIMS1","LIM zinc finger domain containing 1",5003
"chr16",58176465,58177825,1361,-1.42830115776653,1.43212181524676,0.00663797399464665,"Intron (ENST00000566813.5/1459, intron 3 of 10)","1459","CSNK2A2","casein kinase 2 alpha 2",-7339
"chr14",70882596,70883428,833,-1.22720535079602,0.934040663429471,0.00674808903259456,"Distal Intergenic","22990","PCNX1","pecanex 1",-23977
"chr19",18514573,18516002,1430,-1.06758282910638,0.76955554500088,0.00677213831150628,"Intron (ENST00000262809.9/8178, intron 1 of 11)","8178","ELL","elongation factor for RNA polymerase II",6065
"chr12",54358458,54359983,1526,-1.29837934057502,1.34221600033232,0.00705413316037775,"Exon (ENST00000701087.1/ENST00000701087.1, exon 1 of 1)","53831","GPR84","G protein-coupled receptor 84",4503
"chr15",98865469,98867026,1558,-1.38271420700279,1.08629237903576,0.00707732722469213,"Intron (ENST00000649865.1/3480, intron 2 of 20)","3480","IGF1R","insulin like growth factor 1 receptor",-6693
"chr22",24439870,24441061,1192,-0.999455398473139,0.693927374278402,0.00707838721755607,"3' UTR","135","ADORA2A","adenosine A2a receptor",7030
"chr12",10153117,10154410,1294,-1.73146074322793,1.76404323852495,0.0070959009027153,"Distal Intergenic","4973","OLR1","oxidized low density lipoprotein receptor 1",6151
"chr3",46926321,46927974,1654,-0.910557925995256,0.619639518796655,0.00713693193700595,"Intron (ENST00000425441.5/151903, intron 4 of 8)","5745","PTH1R","parathyroid hormone 1 receptor",23722
"chr16",17396555,17397979,1425,-1.24059060303054,1.2839391224437,0.007254409233921,"Intron (ENST00000261381.7/64131, intron 1 of 11)","64131","XYLT1","xylosyltransferase 1",5522
"chr2",46969928,46971151,1224,-0.96411168045301,0.681082959552497,0.00735532887314278,"Intron (ENST00000698500.1/57217, intron 6 of 21)","57217","TTC7A","tetratricopeptide repeat domain 7A",-6967
"chr14",55337603,55338767,1165,-1.27676112257176,1.20145449031534,0.00739828897433438,"Intron (ENST00000681400.1/55030, intron 2 of 2)","55030","FBXO34","F-box protein 34",-12022
"chr17",68254878,68255936,1059,-1.00644647570947,0.736242406213397,0.00747076332705955,"3' UTR","22901","ARSG","arylsulfatase G",-3246
"chr1",206551452,206552572,1121,-1.230993483049,1.24474713923208,0.00749100597814882,"Intron (ENST00000579436.7/83593, intron 2 of 5)","83593","RASSF5","Ras association domain family member 5",-4593
"chr12",66241901,66242954,1054,-1.28608217479706,0.944413193730246,0.00750409911230684,"Intron (ENST00000261233.9/11213, intron 8 of 11)","102465249","MIR6502","microRNA 6502",-8128
"chr3",45975763,45977223,1461,-1.13437489166693,0.821086837542158,0.00762628194902062,"Intron (ENST00000296137.7/79443, intron 4 of 17)","79443","FYCO1","FYVE and coiled-coil domain autophagy adaptor 1",-17102
"chr17",67257328,67259381,2054,-1.28363612187536,1.25442553310744,0.0076782222391704,"Exon (ENST00000650446.1/101928021, exon 3 of 5)","9931","HELZ","helicase with zinc finger",-11339
"chr21",10692368,10693080,713,0.166174396373527,4.05608236692447,0.00771207586958902,"Distal Intergenic","7179","TPTE","transmembrane phosphatase with tensin homology",170785
"chr20",51404542,51405547,1006,-0.982439852442495,0.947565576740283,0.00773804236067208,"Intron (ENST00000396009.7/4773, intron 9 of 9)","4773","NFATC2","nuclear factor of activated T cells 2",-5323
"chr11",128733864,128735097,1234,-0.821815285863093,0.602697914037877,0.00775992327729732,"Intron (ENST00000608303.5/2313, intron 1 of 6)","2313","FLI1","Fli-1 proto-oncogene, ETS transcription factor",-23009
"chr3",128758986,128760362,1377,-1.5105084362121,1.49836344637199,0.00788960296921127,"Intron (ENST00000676214.1/7879, intron 1 of 5)","7879","RAB7A","RAB7A, member RAS oncogene family",32634
"chr10",27464451,27465870,1420,-1.30739008948205,1.34952949325256,0.00796856179400047,"Distal Intergenic","22931","RAB18","RAB18, member RAS oncogene family",-38304
"chr16",17416020,17417698,1679,-1.53041758884881,1.56013193031008,0.00802306738176261,"Intron (ENST00000261381.7/64131, intron 1 of 11)","64131","XYLT1","xylosyltransferase 1",-12519
"chr18",77080221,77081316,1096,-1.09889560569273,1.09219384512427,0.00802705948271879,"Intron (ENST00000355994.7/4155, intron 2 of 8)","4155","MBP","myelin basic protein",6266
"chr19",17089834,17092563,2730,-1.20772367914593,1.15248466834446,0.0081809386294944,"Intron (ENST00000682292.1/4650, intron 1 of 39)","4650","MYO9B","myosin IXB",-9093
"chrX",154732600,154733201,602,-0.968650503267906,0.724664552456126,0.00820264597637061,"Intron (ENST00000424127.3/139716, intron 1 of 9)","139716","GAB3","GRB2 associated binding protein 3",17856
"chr8",102095863,102096881,1019,-1.20950002818096,0.892791191677737,0.00828810231999414,"Intron (ENST00000311028.4/83988, intron 1 of 6)","83988","NCALD","neurocalcin delta",27069
"chr11",76338302,76339879,1578,-1.35145967171337,1.10092507790591,0.00831924419841552,"Distal Intergenic","5612","THAP12","THAP domain containing 12",19694
"chr1",151619009,151621072,2064,-1.39281482443085,0.973987276317642,0.00837339143097024,"Intron (ENST00000642376.1/81609, intron 1 of 10)","81609","SNX27","sorting nexin 27",5083
"chr2",96407141,96409081,1941,-1.3263203556964,1.34152699634439,0.00844549109487339,"Distal Intergenic","23397","NCAPH","non-SMC condensin I complex subunit H",42661
"chr19_GL949751v2_alt",183535,185530,1996,-1.31576941221762,1.32914068625391,0.00846500764870746,"Distal Intergenic","6203","RPS9","ribosomal protein S9",7695
"chrX",37775998,37777536,1539,-1.50800899544146,1.64846954512969,0.00849621658831051,"Promoter (2-3kb)","1536","CYBB","cytochrome b-245 beta chain",-2482
"chr19",29587053,29588140,1088,-1.43144317858167,1.13992156928201,0.00886274927348728,"Distal Intergenic","10775","POP4","POP4 homolog, ribonuclease P/MRP subunit",-18143
"chr19",1213208,1214612,1405,-1.32891577569905,1.43373267875132,0.00889512033373452,"Intron (ENST00000585748.3/6794, intron 3 of 11)","6794","STK11","serine/threonine kinase 11",-5401
"chr10",6482284,6484412,2129,-1.40386366401402,1.05507207032581,0.00891152229252912,"Exon (ENST00000397176.6/5588, exon 11 of 17)","5588","PRKCQ","protein kinase C theta",95864
"chr16",88619188,88621039,1852,-1.29284659883484,1.23750435921943,0.00892406516593599,"Intron (ENST00000452588.6/124245, intron 9 of 18)","124245","ZC3H18","zinc finger CCCH-type containing 18",-3004
"chr10",71742111,71743194,1084,-0.798033992789262,0.703885462280173,0.00893441504879169,"Intron (ENST00000224721.12/64072, intron 38 of 69)","414152","C10orf105","chromosome 10 open reading frame 105",-4287
"chr2",48343375,48344833,1459,-1.36666248573424,1.68523209988019,0.00899463894051025,"Intron (ENST00000413569.5/3344, intron 1 of 4)","3344","FOXN2","forkhead box N2",28693
"chr21",34986693,34987958,1266,-1.09404756670063,1.08768933219919,0.00915619641123937,"Intron (ENST00000437180.5/861, intron 2 of 8)","861","RUNX1","RUNX family transcription factor 1",61312
"chr1",89608402,89610973,2572,-0.903924358356154,0.978819767022387,0.00920024252423401,"Intron (ENST00000443562.2/400761, intron 1 of 4)","84230","LRRC8C","leucine rich repeat containing 8 VRAC subunit C",-18752
"chr12",32139234,32140210,977,-1.53451439987156,1.57091863595761,0.00922040268801264,"Intron (ENST00000548411.6/636, intron 1 of 8)","636","BICD1","BICD cargo adaptor 1",31938
"chr19_GL949750v2_alt",184471,185216,746,-1.23585038684019,0.957234548379135,0.00926497287867818,"Distal Intergenic","6203","RPS9","ribosomal protein S9",8631
"chrX",118523541,118524298,758,-1.0774374190159,0.707316820636059,0.00936670605215848,"Intron (ENST00000276202.9/139818, intron 1 of 52)","139818","DOCK11","dedicator of cytokinesis 11",-21813
"chr1",205480128,205482249,2122,-1.29057325562674,0.999878418367324,0.00940050202902434,"Distal Intergenic","5129","CDK18","cyclin dependent kinase 18",-22347
"chr7",43658620,43659382,763,-1.36519825171235,1.0441848886026,0.00940924366271989,"Exon (ENST00000478504.1/55744, exon 2 of 3)","55744","COA1","cytochrome c oxidase assembly factor 1",-8324
"chr18",9803515,9804932,1418,-1.31543738652692,1.22007642014439,0.00948600366090367,"Intron (ENST00000578734.5/11031, intron 2 of 5)","11031","RAB31","RAB31, member RAS oncogene family",6156
"chr3",43192910,43195486,2577,-0.392757473397432,2.41534798611241,0.0095291053021271,"Distal Intergenic","84892","POMGNT2","protein O-linked mannose N-acetylglucosaminyltransferase 2 (beta 1,4-)",-86825
"chr1",206383932,206384880,949,-0.954185091292877,0.702070731262767,0.00957073570160791,"5' UTR","23380","SRGAP2","SLIT-ROBO Rho GTPase activating protein 2",-20083
"chr19",14041778,14043401,1624,-1.18986459626699,0.973594366480343,0.00963130337000824,"Exon (ENST00000263379.4/9466, exon 5 of 14)","9466","IL27RA","interleukin 27 receptor subunit alpha",10016
"chr15",94173324,94175260,1937,-1.44388427090941,1.06833725743784,0.0097993453074707,"Distal Intergenic","55784","MCTP2","multiple C2 and transmembrane domain containing 2",-56278
"chr21",14482895,14483894,1000,-1.29846640209364,1.23272711711059,0.00980466505912285,"Distal Intergenic","64092","SAMSN1","SAM domain, SH3 domain and nuclear localization signals 1",16712
"chr15",32461465,32462354,890,-1.39165672673058,1.04779211677291,0.00992254210984809,"Exon (ENST00000604574.1/ENST00000604574.1, exon 1 of 1)","728047","GOLGA8O","golgin A8 family member O",-5831
"chr17",78804969,78807682,2714,-0.99013514935128,0.767098315288629,0.00993271256783487,"3' UTR","57602","USP36","ubiquitin specific peptidase 36",-5247
"chr15",43269995,43271319,1325,-1.36343577604285,0.970015108390568,0.0100052797449311,"Distal Intergenic","9333","TGM5","transglutaminase 5",-3067
"chr3",10185898,10186921,1024,-1.23118335239131,1.13160422271819,0.0101627807102487,"Intron (ENST00000256458.5/3656, intron 2 of 12)","3656","IRAK2","interleukin 1 receptor associated kinase 2",20979
"chr21",38283763,38284780,1018,-1.22926183534113,1.18222439645734,0.0101760229341023,"Intron (ENST00000549158.5/3772, intron 3 of 5)","3772","KCNJ15","potassium inwardly rectifying channel subfamily J member 15",11340
"chr3",43476461,43478830,2370,-0.413175955210156,3.13643475463891,0.0102047973288312,"Intron (ENST00000292246.8/55129, intron 11 of 12)","55129","ANO10","anoctamin 10",76581
"chr19",16337393,16339460,2068,-1.01424043679393,0.966542966874449,0.0102520555561532,"Distal Intergenic","10365","KLF2","KLF transcription factor 2",12553
"chr1",18926369,18928226,1858,-1.06299565114106,1.09137281333454,0.0102569097083643,"Intron (ENST00000455833.7/126917, intron 1 of 8)","126917","IFFO2","intermediate filament family orphan 2",-14377
"chr5",131311166,131313263,2098,-1.37313729768661,1.33851591289433,0.0102647120558049,"Intron (ENST00000502840.5/56990, intron 2 of 3)","56990","CDC42SE2","CDC42 small effector 2",47091
"chr10",86710681,86712479,1799,-1.30077938997727,1.4142047145228,0.0102697424019041,"Intron (ENST00000688001.1/11155, intron 8 of 12)","11155","LDB3","LIM domain binding 3",-6251
"chr3",33048039,33048892,854,-1.24040729166492,1.15979934788165,0.0102719814356136,"Promoter (1-2kb)","2720","GLB1","galactosidase beta 1",-1847
"chr6_KI270801v1_alt",253254,253922,669,-1.56148892907621,1.07630573880073,0.0103097800045911,"Intron (ENST00000610842.4/387357, intron 1 of 6)","387357","THEMIS","thymocyte selection associated",-6975
"chr16",81866169,81867465,1297,-1.23523115590639,0.617615577953193,0.0103413430025116,"Intron (ENST00000697580.1/5336, intron 5 of 32)","5336","PLCG2","phospholipase C gamma 2",8224
"chr19",13787445,13788580,1136,-1.36737391114761,1.34267668939318,0.0103863606585823,"Distal Intergenic","65249","ZSWIM4","zinc finger SWIM-type containing 4",-6863
"chr18_KI270911v1_alt",137055,138667,1613,-1.52647290807471,1.5916725920281,0.0104248979046347,"5' UTR","27164","SALL3","spalt like transcription factor 3",77142
"chr8",61699847,61700526,680,-1.38066270234085,0.690331351170426,0.0104338292204369,"Intron (ENST00000379454.9/444, intron 1 of 24)","444","ASPH","aspartate beta-hydroxylase",-9998
"chr9",114995422,114996593,1172,-1.66161697414087,1.36035914013994,0.0105305290081289,"Intron (ENST00000648852.1/124902255, intron 3 of 5)","50514","DELEC1","deleted in esophageal cancer 1",25838
"chr3",179438667,179439787,1121,1.41833764332865,0.709168821664323,0.0105530692192847,"Intron (ENST00000232564.8/59345, intron 1 of 9)","59345","GNB4","G protein subunit beta 4",11411
"chr3",111610593,111611075,483,-1.11185865634239,0.555929328171193,0.0106906499848209,"Intron (ENST00000494798.1/10225, intron 8 of 14)","79413","ZBED2","zinc finger BED-type containing 2",-15247
"chr18",48867973,48869743,1771,-1.41719511250818,1.40966399758028,0.0107238629702395,"Distal Intergenic","4092","SMAD7","SMAD family member 7",60439
"chr2",28358568,28360821,2254,-1.29798002091904,1.35132003521565,0.0107368928052752,"Distal Intergenic","2355","FOSL2","FOS like 2, AP-1 transcription factor subunit",-31627
"chr22",49952993,49954325,1333,-1.24338736879189,0.621693684395945,0.0107371162556923,"Distal Intergenic","415116","PIM3","Pim-3 proto-oncogene, serine/threonine kinase",-6443
"chr3",192956467,192958364,1898,-1.32116761856243,1.88982437807224,0.0107423943666227,"Distal Intergenic","151963","MB21D2","Mab-21 domain containing 2",-38611
"chr9",3479582,3480348,767,1.10124866837879,0.550624334189397,0.0107518656072071,"Intron (ENST00000382004.7/5991, intron 2 of 17)","5991","RFX3","regulatory factor X3",9068
"chr7",42877902,42878621,720,-1.29650592418758,0.648252962093787,0.0107562757410481,"Distal Intergenic","79020","C7orf25","chromosome 7 open reading frame 25",33289
"chr21",5018851,5020290,1440,-1.03119657851126,0.515598289255632,0.010811761740991,"Promoter (2-3kb)","102723996","LOC102723996","ICOS ligand",-2241
"chr1",109885860,109887097,1238,-1.17057862054089,0.585289310270443,0.0108409766953083,"Exon (ENST00000415166.1/ENST00000415166.1, exon 1 of 2)","1435","CSF1","colony stimulating factor 1",-23145
"chr17",50884098,50885863,1766,-1.14753790591525,0.573768952957626,0.0108601132790274,"Intron (ENST00000671267.1/400604, intron 1 of 1)","10140","TOB1","transducer of ERBB2, 1",-16120
"chrX",13718835,13719769,935,-1.14384517408685,0.571922587043426,0.0109017088527916,"Promoter (2-3kb)","6399","TRAPPC2","trafficking protein particle complex subunit 2",-2117
"chr4",15700463,15701172,710,-0.982635342544501,0.49131767127225,0.0109250978920643,"Promoter (1-2kb)","683","BST1","bone marrow stromal cell antigen 1",-1893
"chr9",39041583,39042891,1309,-1.20276723677423,0.601383618387114,0.0109312487940741,"Distal Intergenic","79937","CNTNAP3","contactin associated protein family member 3",43257
"chr9",73131601,73133219,1619,-0.468080945123504,3.3323435304404,0.0109496655953343,"Distal Intergenic","301","ANXA1","annexin A1",-18646
"chr16",88633594,88635758,2165,-1.1204166229023,0.848480157315101,0.0109584658711827,"Promoter (2-3kb)","27189","IL17C","interleukin 17C",-2814
"chr2",174610648,174611213,566,-0.904702927477828,0.452351463738914,0.011074631468365,"Intron (ENST00000442996.1/124906096, intron 2 of 3)","7456","WIPF1","WAS/WASL interacting protein family member 1",-12431
"chr10",102660432,102662038,1607,-1.3269456130925,1.204656006362,0.0111908775369323,"Distal Intergenic","81603","TRIM8","tripartite motif containing 8",5269
"chr8",123388169,123388868,700,-1.14337387386755,0.571686936933777,0.011212713789263,"Intron (ENST00000517666.5/29028, intron 1 of 25)","29028","ATAD2","ATPase family AAA domain containing 2",-7255
"chr3",67947799,67948638,840,-1.35870964368998,0.679354821844992,0.0112217731660704,"Downstream (<=300bp)","407738","TAFA1","TAFA chemokine like family member 1",-55609
"chr15",58526017,58527422,1406,-1.08268796986717,0.932661272242708,0.0112433994973255,"Intron (ENST00000356113.10/3990, intron 3 of 10)","3990","LIPC","lipase C, hepatic type",-14326
"chr17_KI270908v1_alt",721661,723405,1745,-1.36595534231861,1.28303217866421,0.0112488597671423,"Intron (ENST00000612872.4/4137, intron 10 of 10)","284058","KANSL1","KAT8 regulatory NSL complex subunit 1",12219
"chr17",58945181,58945659,479,-1.5393621308361,0.769681065418048,0.0112653447760367,"Intron (ENST00000308249.4/22843, intron 1 of 6)","4591","TRIM37","tripartite motif containing 37",66748
"chr2",157463411,157464667,1257,-0.936170500011728,0.899832820382407,0.0112927089039657,"Intron (ENST00000497432.5/105373712, intron 4 of 6)","9595","CYTIP","cytohesin 1 interacting protein",-19313
"chr16",57592249,57593660,1412,-1.10018948473499,0.861718266249042,0.0113072833322751,"Distal Intergenic","9289","ADGRG1","adhesion G protein-coupled receptor G1",-16992
"chr6",42441518,42442524,1007,-1.01618541781217,0.508092708906082,0.011416680900934,"Intron (ENST00000695948.1/55809, intron 2 of 17)","55809","TRERF1","transcriptional regulating factor 1",8737
"chr12",107026196,107027429,1234,-1.57628977239434,1.22587539673879,0.0114620658946851,"Intron (ENST00000008527.10/1407, intron 1 of 12)","1407","CRY1","cryptochrome circadian regulator 1",22930
"chrX",21997104,21997690,587,-0.992667414679521,0.496333707339761,0.0115256532879427,"Distal Intergenic","5251","PHEX","phosphate regulating endopeptidase X-linked",-34635
"chr13",49640769,49643730,2962,-1.22404828437452,1.19680271164779,0.0115291075770201,"Distal Intergenic","115761","ARL11","ADP ribosylation factor like GTPase 11",12246
"chr5",119274450,119274922,473,-0.772911515984896,0.555013316371904,0.0115651182870839,"Intron (ENST00000274456.6/25816, intron 1 of 1)","25816","TNFAIP8","TNF alpha induced protein 8",5696
"chr14",99229683,99231183,1501,-0.685971907173872,0.527991916348454,0.0116305131060842,"Intron (ENST00000345514.2/64919, intron 2 of 2)","64919","BCL11B","BCL11 transcription factor B",40302
"chr18",80262896,80263265,370,-0.187827357823252,3.99518692575773,0.0117048340210039,"Distal Intergenic","84552","PARD6G","par-6 family cell polarity regulator gamma",-15382
"chr9",393801,395164,1364,-1.14557582430345,0.572787912151724,0.0118219435253348,"Intron (ENST00000432829.7/81704, intron 24 of 47)","81704","DOCK8","dedicator of cytokinesis 8",-11855
"chr5",35796416,35797634,1219,-1.17072378094081,1.20801826197388,0.0118596467662735,"Intron (ENST00000356031.8/79925, intron 33 of 36)","79925","SPEF2","sperm flagellar 2",15096
"chr17",75863965,75865554,1590,-1.33399873567724,1.41561116580888,0.011863949415584,"Distal Intergenic","23558","WBP2","WW domain binding protein 2",-7458
"chr11",10600373,10602264,1892,-0.969131813116491,0.484565906558245,0.0118955585392994,"3' UTR","10335","IRAG1","inositol 1,4,5-triphosphate receptor associated 1",-6350
"chr12",116282248,116283092,845,-1.1694895506795,0.948128748167297,0.0119230013926566,"Distal Intergenic","23389","MED13L","mediator complex subunit 13L",-4555
"chr11",86047756,86048235,480,-1.21428309679897,0.876809610054562,0.0119251632500038,"Intron (ENST00000393346.8/8301, intron 1 of 19)","8301","PICALM","phosphatidylinositol binding clathrin assembly protein",20545
"chr1",182143434,182144659,1226,-0.824503723471814,0.874842419080329,0.0120618633422221,"Intron (ENST00000663078.1/400799, intron 3 of 4)","127665","ZNF648","zinc finger protein 648",-74181
"chr6",159981590,159982335,746,-0.822583758034522,0.841815362474042,0.0120698252386848,"Intron (ENST00000356956.6/3482, intron 1 of 47)","3482","IGF2R","insulin like growth factor 2 receptor",12508
"chr9",27598705,27599212,508,-1.14685390059127,0.573426950295634,0.0121009562312592,"Distal Intergenic","203228","C9orf72","C9orf72-SMCR8 complex subunit",-24839
"chr6",42278252,42280213,1962,-1.06930659416237,1.06351697074872,0.0121676740841774,"Intron (ENST00000695948.1/55809, intron 4 of 17)","55173","MRPS10","mitochondrial ribosomal protein S10",-60391
"chr1",155636686,155638404,1719,-1.29639235905013,1.46077868393479,0.0122645966921728,"Exon (ENST00000668003.2/ENST00000668003.2, exon 1 of 3)","55154","MSTO1","misato mitochondrial distribution and morphology regulator 1",23465
"chr14",99241288,99243013,1726,-0.602157462256669,0.453382387398128,0.0123031082013561,"Intron (ENST00000345514.2/64919, intron 2 of 2)","64919","BCL11B","BCL11 transcription factor B",28472
"chr22",32137406,32138494,1089,-1.05658653161402,1.18213051957932,0.0123272335252613,"Distal Intergenic","150297","C22orf42","chromosome 22 open reading frame 42",11432
"chr19",54387814,54389903,2090,-1.35412028505522,1.04814643883164,0.0125745273252656,"Distal Intergenic","3903","LAIR1","leukocyte associated immunoglobulin like receptor 1",-17256
"chr14",50925945,50928798,2854,-1.34752120262253,1.33871056277501,0.0125985404451491,"Intron (ENST00000532462.5/5836, intron 4 of 19)","5836","PYGL","glycogen phosphorylase L",-4417
"chr16",6827457,6828541,1085,-1.46052978433963,0.730264892169814,0.0126385407784682,"Intron (ENST00000641259.1/54715, intron 6 of 19)","54715","RBFOX1","RNA binding fox-1 homolog 1",53648
"chr2",225026031,225027711,1681,-1.12721300402647,1.12999320033689,0.0127899559945,"Intron (ENST00000258390.12/55619, intron 1 of 55)","55619","DOCK10","dedicator of cytokinesis 10",14673
"chrX",15158065,15159384,1320,-1.18650634545344,1.68346627471381,0.0128656191677942,"Distal Intergenic","140462","ASB9","ankyrin repeat and SOCS box containing 9",95381
"chr10",70363960,70364612,653,-1.29710917843375,0.648554589216872,0.012945308311696,"Intron (ENST00000395011.5/55222, intron 2 of 3)","55222","LRRC20","leucine rich repeat containing 20",12167
"chr16",23503984,23505433,1450,-1.11513776220895,0.902084115713579,0.0129965139399536,"Intron (ENST00000309859.8/23062, intron 1 of 16)","23062","GGA2","golgi associated, gamma adaptin ear containing, ARF binding protein 2",4956
"chr1",172646797,172647878,1082,-1.36571755515142,1.10699077663472,0.0130050801297384,"Distal Intergenic","356","FASLG","Fas ligand",-11225
"chr11",3653807,3654781,975,0.186823787493952,3.48663680519079,0.0130287890268792,"Intron (ENST00000529556.1/417, intron 1 of 3)","417","ART1","ADP-ribosyltransferase 1",8679
"chr5",132500774,132501333,560,-0.883330759808678,0.635230565971225,0.0131345388136111,"Intron (ENST00000638452.2/10111, intron 3 of 26)","3659","IRF1","interferon regulatory factor 1",-4307
"chr16",70427945,70428970,1026,-0.9964466334669,0.958396322960262,0.0131371035477929,"Intron (ENST00000342907.3/6483, intron 1 of 6)","6483","ST3GAL2","ST3 beta-galactoside alpha-2,3-sialyltransferase 2",-4872
"chr17",65026742,65028858,2117,-1.06774368046062,0.800060284891812,0.0131542704596187,"Intron (ENST00000439174.7/10672, intron 2 of 3)","10672","GNA13","G protein subunit alpha 13",26916
"chr1",161389172,161390839,1668,-1.26414832464133,1.42736210968164,0.0133028330173605,"Exon (ENST00000688159.2/ENST00000688159.2, exon 1 of 1)","257177","CFAP126","cilia and flagella associated protein 126",-21296
"chr19",7098631,7099855,1225,-1.38246141656514,1.20550129262018,0.0133160798805478,"Distal Intergenic","3643","INSR","insulin receptor",23303
"chr15",84987613,84989520,1908,-1.50514962299098,1.77599555988199,0.0133184960969295,"Intron (ENST00000310298.8/5151, intron 2 of 22)","5151","PDE8A","phosphodiesterase 8A",5387
"chr11",78349613,78351552,1940,-1.30606248236059,1.77523474892405,0.0133762484472908,"Intron (ENST00000534168.1/ENST00000534168.1, intron 1 of 1)","9846","GAB2","GRB2 associated binding protein 2",-7733
"chr10",70575537,70577020,1484,-1.18718441217547,0.905485984420206,0.0135209165680313,"Intron (ENST00000697577.1/27143, intron 19 of 20)","5551","PRF1","perforin 1",25667
"chr21",31186199,31186755,557,-0.70842681753668,0.35421340876834,0.0135858299948493,"Intron (ENST00000286827.7/7074, intron 15 of 28)","7074","TIAM1","TIAM Rac1 associated GEF 1",-25290
"chr1",145009969,145011308,1340,-0.985769305875443,0.724947632488437,0.0135870180435929,"Intron (ENST00000612199.4/647135, intron 2 of 9)","647135","SRGAP2B","SLIT-ROBO Rho GTPase activating protein 2B",-54523
"chr17",70205720,70206814,1095,-1.46095841066907,1.84143146659062,0.013779277803495,"Distal Intergenic","3759","KCNJ2","potassium inwardly rectifying channel subfamily J member 2",36188
"chr6",156686331,156687640,1310,-1.32441915194268,1.8818639251892,0.0138283088439147,"Distal Intergenic","57492","ARID1B","AT-rich interaction domain 1B",-88380
"chr8",38769674,38770722,1049,-1.49470349945201,1.64999564307563,0.0138567359521083,"Intron (ENST00000519416.5/6867, intron 1 of 12)","6867","TACC1","transforming acidic coiled-coil containing protein 1",12375
"chr12",122108106,122109489,1384,-1.18462982101799,0.92458189520948,0.0140970583318774,"Intron (ENST00000319080.12/22877, intron 1 of 16)","22877","MLXIP","MLX interacting protein",-18391
"chr17_KI270908v1_alt",997173,999199,2027,-0.475455492437801,2.42516877039014,0.0141159944828578,"Intron (ENST00000634170.1/51326, intron 4 of 4)","474170","LRRC37A2","leucine rich repeat containing 37 member A2",-30801
"chr20",49668438,49670665,2228,-1.10079779328068,1.05610485888196,0.014160090623575,"Intron (ENST00000371711.4/9334, intron 1 of 8)","9334","B4GALT5","beta-1,4-galactosyltransferase 5",43213
"chr14",64672986,64674524,1539,-1.40987492298485,1.49151473379707,0.014273459585049,"Distal Intergenic","26030","PLEKHG3","pleckstrin homology and RhoGEF domain containing G3",-29578
"chr19",45455746,45456753,1008,-1.01826982813173,0.771210440204483,0.0142805946224651,"Intron (ENST00000423698.6/2067, intron 1 of 8)","2067","ERCC1","ERCC excision repair 1, endonuclease non-catalytic subunit",-5021
"chr15",63905381,63907207,1827,-1.44393232455564,1.89906803861001,0.014305725859509,"3' UTR","23604","DAPK2","death associated protein kinase 2",4736
"chr10",80485269,80486789,1521,-0.747696184079506,0.759605540180819,0.0144620280592127,"Promoter (2-3kb)","81619","TSPAN14","tetraspanin 14",-2423
"chr19",8568845,8570304,1460,-0.784671941792527,0.757862281506446,0.0144640718972516,"Intron (ENST00000644032.2/4542, intron 1 of 27)","4542","MYO1F","myosin IF",7129
"chr3",101752677,101754094,1418,-1.31855121610657,1.03989812942454,0.0146219966514778,"Intron (ENST00000704365.1/79598, intron 6 of 11)","79598","CEP97","centrosomal protein 97",21638
"chr16",81632510,81633814,1305,-1.14644579540849,0.917091729969909,0.0146445757536989,"Intron (ENST00000537098.8/80790, intron 3 of 20)","80790","CMIP","c-Maf inducing protein",-11544
"chr14",24678315,24679078,764,-1.07013822300596,0.753406770035726,0.014704128432223,"Distal Intergenic","3002","GZMB","granzyme B",-44048
"chr3",196687811,196691857,4047,-1.00390446815606,0.956129102469228,0.0148651878098776,"Exon (ENST00000702663.1/ENST00000702663.1, exon 1 of 2)","84984","CEP19","centrosomal protein 19",20391
"chr10",6049599,6051403,1805,-1.13212925811304,1.37788436468395,0.0149071848789016,"Intron (ENST00000379959.8/3559, intron 1 of 7)","3559","IL2RA","interleukin 2 receptor subunit alpha",10865
"chr15",60573271,60574447,1177,-1.01621734180686,0.696706918291453,0.0149174905559222,"Intron (ENST00000559824.5/101928784, intron 3 of 5)","6095","RORA","RAR related orphan receptor A",18070
"chr9",134409003,134410058,1056,-0.646769470602306,0.323384735301153,0.0149340308065449,"Exon (ENST00000481739.2/6256, exon 4 of 10)","6256","RXRA","retinoid X receptor alpha",22881
"chr11",129861303,129862012,710,-1.24980790185541,0.959136084460864,0.0149374011876249,"Exon (ENST00000687802.1/ENST00000687802.1, exon 1 of 2)","120224","TMEM45B","transmembrane protein 45B",10971
"chr7",23205895,23207041,1147,-1.33747205942987,1.2720858136913,0.0150786582381668,"Exon (ENST00000413042.3/ENST00000413042.3, exon 1 of 1)","11097","NUP42","nucleoporin 42",6471
"chr7",43669024,43670497,1474,-1.09272115357802,1.15462159949116,0.0152257006717393,"Intron (ENST00000415076.6/55744, intron 1 of 6)","55744","COA1","cytochrome c oxidase assembly factor 1",-18728
"chr11",68528475,68529579,1105,-1.20747466985278,1.18694308250934,0.0152461282854348,"Intron (ENST00000530427.5/55291, intron 4 of 4)","55291","PPP6R3","protein phosphatase 6 regulatory subunit 3",-5832
"chr20",48769012,48769487,476,-0.699487949322308,0.349743974661154,0.0153120758062818,"Intron (ENST00000371941.4/57580, intron 1 of 39)","57580","PREX1","phosphatidylinositol-3,4,5-trisphosphate dependent Rac exchange factor 1",58512
"chr17",7867454,7868665,1212,-1.27073614777745,1.6728940725111,0.0153489031520833,"Intron (ENST00000576861.5/84316, intron 2 of 4)","124637","CYB5D1","cytochrome b5 domain containing 1",9169
"chr15",85570100,85570984,885,-1.05717641496403,1.42877980063478,0.015546824564589,"Intron (ENST00000559362.5/11214, intron 5 of 14)","11214","AKAP13","A-kinase anchoring protein 13",-11926
"chr14",102369939,102371563,1625,-1.31495490178591,1.14152923006843,0.0158060258884244,"Intron (ENST00000359520.12/9895, intron 1 of 19)","9895","TECPR2","tectonin beta-propeller repeat containing 2",6860
"chr2",38652407,38654802,2396,-1.10620071647207,0.885442201828369,0.0159911699921607,"Distal Intergenic","130589","GALM","galactose mutarotase",-11279
"chr2",96773300,96774895,1596,-1.31107361228999,1.10609494075114,0.0160304155752526,"Intron (ENST00000377075.3/26504, intron 1 of 6)","26504","CNNM4","cyclin and CBS domain divalent metal cation transport mediator 4",12398
"chr9",36407231,36408715,1485,-1.35816900472741,1.47838768246916,0.0161408982734734,"Intron (ENST00000488058.1/152006, intron 2 of 3)","152006","RNF38","ring finger protein 38",-6033
"chr15",85330799,85331867,1069,-1.09784015571164,1.13522045656643,0.0161422455652759,"Distal Intergenic","11214","AKAP13","A-kinase anchoring protein 13",-48704
"chrX",71606514,71607575,1062,-1.26404628413017,1.2734334681441,0.0162106000762168,"Promoter (1-2kb)","93953","GCNA","germ cell nuclear acidic peptidase",-1491
"chr11",128830010,128831231,1222,-1.09783777932195,1.23415027056111,0.0163031838935436,"Distal Intergenic","3758","KCNJ1","potassium inwardly rectifying channel subfamily J member 1",11303
"chr1",223726027,223727515,1489,-1.01217622612341,1.3666153996028,0.0164055442306689,"Intron (ENST00000433674.6/824, intron 2 of 20)","824","CAPN2","calpain 2",13488
"chr20",40493817,40495240,1424,-1.00993252420463,0.806326696294039,0.0164444894282128,"Distal Intergenic","9935","MAFB","MAF bZIP transcription factor B",193996
"chr8",133066635,133067604,970,-0.673578310704244,0.647715614405369,0.0164584524358279,"Intron (ENST00000220616.9/7038, intron 41 of 47)","6503","SLA","Src like adaptor",-6277
"chr17",8922105,8923743,1639,-1.18587978599075,1.67848483528386,0.016520337152036,"Intron (ENST00000269300.8/23533, intron 1 of 17)","23533","PIK3R5","phosphoinositide-3-kinase regulatory subunit 5",-9588
"chr8",21905198,21906245,1048,-0.9698512800847,0.735207957249935,0.0167480113843753,"Distal Intergenic","9046","DOK2","docking protein 2",4830
"chr5",180821666,180822741,1076,-1.10084364476505,0.85128256997557,0.0168441897691572,"Distal Intergenic","4245","MGAT1","alpha-1,3-mannosyl-glycoprotein 2-beta-N-acetylglucosaminyltransferase",-6014
"chr10",6474078,6475313,1236,-1.71476580455744,1.8430633485145,0.0168828066115312,"Intron (ENST00000397176.6/5588, intron 12 of 16)","5588","PRKCQ","protein kinase C theta",104963
"chr6",37133891,37135247,1357,-1.34107248787988,1.4052967996262,0.0168834679391243,"Distal Intergenic","5292","PIM1","Pim-1 proto-oncogene, serine/threonine kinase",-34905
"chr9",114988913,114990346,1434,-1.18210290670709,1.39555679242951,0.0169447964022486,"Intron (ENST00000648852.1/124902255, intron 3 of 5)","50514","DELEC1","deleted in esophageal cancer 1",19329
"chr16",4064472,4065338,867,-1.10002197255635,1.15178686099924,0.0169904604628879,"Intron (ENST00000294016.8/115, intron 2 of 10)","115","ADCY9","adenylate cyclase 9",-10282
"chr14",92665415,92666337,923,-1.04067790794879,1.00733575302798,0.0170080068946659,"Intron (ENST00000216487.12/79890, intron 7 of 9)","79890","RIN3","Ras and Rab interactor 3",6030
"chr17_GL000258v2_alt",489807,491813,2007,-0.394152625351209,2.55861696880539,0.0172307487021176,"Intron (ENST00000626328.2/100996709, intron 4 of 4)","9884","LRRC37A","leucine rich repeat containing 37A",-30805
"chr4",49270542,49271798,1257,-0.984615826393388,1.06699179301274,0.0172420866636836,"Distal Intergenic","80157","CWH43","cell wall biogenesis 43 C-terminal homolog",241850
"chr4",108107756,108108167,412,-1.04177065709333,0.713361222802952,0.0172976731762464,"Intron (ENST00000379951.6/51176, intron 3 of 9)","51176","LEF1","lymphoid enhancer binding factor 1",-24343
"chr6",17714808,17715812,1005,-1.30616065232284,1.47054205339694,0.0174312347797491,"Distal Intergenic","9972","NUP153","nucleoporin 153",-7883
"chr1",172663382,172663988,607,-0.974563580088314,0.720783093692736,0.0174452930541632,"Intron (ENST00000367721.3/356, intron 2 of 3)","356","FASLG","Fas ligand",4238
"chr6",13383089,13384360,1272,-1.156437092623,1.2847493349205,0.0176767070610344,"Intron (ENST00000379284.1/54438, intron 1 of 1)","54438","GFOD1","Gfo/Idh/MocA-like oxidoreductase domain containing 1",23777
"chr7",44959857,44960815,959,-1.21011318558444,0.946196053239091,0.017721670505913,"Exon (ENST00000568457.1/ENST00000568457.1, exon 1 of 1)","64005","MYO1G","myosin IG",14291
"chr4",2570452,2571409,958,-1.05445083507948,1.1876632520915,0.0177552122876977,"Intron (ENST00000703446.1/8603, intron 3 of 4)","8603","FAM193A","family with sequence similarity 193 member A",33805
"chr10",22630667,22632024,1358,-0.724416449260034,0.763960701257717,0.0177552677858856,"Intron (ENST00000376573.9/5305, intron 1 of 9)","5305","PIP4K2A","phosphatidylinositol-5-phosphate 4-kinase type 2 alpha",-20950
"chr18",22346439,22347152,714,-0.661918829212676,0.330959414606338,0.0178007392938872,"Distal Intergenic","64693","CTAGE1","cutaneous T cell lymphoma-associated antigen 1",67715
"chr9",36457644,36459312,1669,-1.08576386771419,1.45524667458173,0.0178321478459088,"Intron (ENST00000488058.1/152006, intron 1 of 3)","152006","RNF38","ring finger protein 38",28236
"chr5",58500144,58500773,630,-1.30998474070325,1.02447031532787,0.0178523527122377,"Distal Intergenic","202309","GAPT","GRB2 binding adaptor protein, transmembrane",6409
"chr5",157232464,157233607,1144,-0.892789864475809,0.65405054866491,0.0179508573205797,"Intron (ENST00000696962.1/3702, intron 8 of 15)","3702","ITK","IL2 inducible T cell kinase",-6486
"chr3",12646568,12647687,1120,-1.43118716890166,1.35145324068543,0.0180538008182533,"Intron (ENST00000688543.1/5894, intron 1 of 15)","5894","RAF1","Raf-1 proto-oncogene, serine/threonine kinase",14966
"chr19",54018712,54020981,2270,-1.00028382042563,0.811400009247899,0.0182067626505657,"Distal Intergenic","59285","CACNG6","calcium voltage-gated channel auxiliary subunit gamma 6",25834
"chr6",167093992,167095039,1048,-0.843041757625073,0.663082746087359,0.0182075958380765,"Exon (ENST00000646989.1/ENST00000646989.1, exon 4 of 4)","1235","CCR6","C-C motif chemokine receptor 6",-16768
"chr14",61379602,61380437,836,-0.794903575892695,0.553631902964113,0.0182663751592108,"Intron (ENST00000555185.5/5583, intron 1 of 3)","5583","PRKCH","protein kinase C eta",-10257
"chr1",27617555,27619238,1684,-1.03746647308902,1.00481500472851,0.0182833475046901,"Intron (ENST00000374005.8/2268, intron 5 of 12)","2268","FGR","FGR proto-oncogene, Src family tyrosine kinase",4824
"chr12",122162082,122163520,1439,-1.03196602113098,1.05826749376853,0.0183912314792915,"Distal Intergenic","254050","LRRC43","leucine rich repeat containing 43",-4218
"chr15",78056302,78057127,826,-0.930478894521496,1.12297838263556,0.0184261096009564,"Promoter (2-3kb)","23102","TBC1D2B","TBC1 domain family member 2B",-2301
"chr5",62254873,62257073,2201,-0.406645651577605,2.56565271070651,0.0186061454884342,"Distal Intergenic","3796","KIF2A","kinesin family member 2A",-49089
"chr3",33807098,33807975,878,-1.25537104646648,1.04500316639985,0.0186322792099428,"Intron (ENST00000457054.6/10015, intron 1 of 17)","10015","PDCD6IP","programmed cell death 6 interacting protein",-3088
"chr21",38277569,38279414,1846,-0.904177808600547,1.14317558464951,0.0186687626956325,"Intron (ENST00000549158.5/3772, intron 3 of 5)","3772","KCNJ15","potassium inwardly rectifying channel subfamily J member 15",5146
"chr1",182029164,182030412,1249,-1.30336283912387,1.85191988931286,0.0191553854920845,"Distal Intergenic","127665","ZNF648","zinc finger protein 648",31300
"chr5_KI270792v1_alt",121880,124810,2931,-0.982276337628275,1.00386080579335,0.0192806268340777,"Intron (ENST00000611005.3/10723, intron 1 of 23)","10723","SLC12A7","solute carrier family 12 member 7",4907
"chr7",64998849,65000013,1165,-1.0744269660369,1.17141120975447,0.0194019100535899,"Intron (ENST00000487644.1/109504726, intron 1 of 2)","2086","ERV3-1","endogenous retrovirus group 3 member 1, envelope",6646
"chr17",68383607,68384460,854,-1.1157068622733,0.854443647282826,0.0194463613374331,"Intron (ENST00000448504.6/22901, intron 8 of 11)","22901","ARSG","arylsulfatase G",-15696
"chr13",48185378,48186431,1054,-1.2340910272099,1.73720133015376,0.019530466735588,"Distal Intergenic","9445","ITM2B","integral membrane protein 2B",-46181
"chr10",80503932,80504702,771,-0.605289640682662,0.475313307397978,0.0195358212359236,"Intron (ENST00000481124.5/81619, intron 2 of 5)","81619","TSPAN14","tetraspanin 14",-10765
"chr12",14954034,14954537,504,-0.572268398581459,0.417455122270826,0.0195583644594994,"Promoter (2-3kb)","397","ARHGDIB","Rho GDP dissociation inhibitor beta",-2883
"chr10",31759716,31761130,1415,-1.17758092757012,1.57246564419568,0.0196565369517207,"Exon (ENST00000686267.2/ENST00000686267.2, exon 1 of 1)","94134","ARHGAP12","Rho GTPase activating protein 12",47421
"chr1",66372370,66375313,2944,-1.17115867353339,1.45000657229674,0.0196916879493963,"3' UTR","5142","PDE4B","phosphodiesterase 4B",4876
"chr2",112749869,112750642,774,-1.17020751004327,1.29188862697749,0.0197743398031395,"Intron (ENST00000302450.11/150468, intron 5 of 8)","150468","CKAP2L","cytoskeleton associated protein 2 like",5432
"chr6",24901460,24902525,1066,-0.728260991481715,0.548903528275523,0.0198037652534819,"Intron (ENST00000613507.4/9750, intron 1 of 22)","9750","RIPOR2","RHO family interacting cell polarization regulator 2",8178
"chr17",60372293,60373232,940,-1.20195534339737,0.941849881944293,0.01982456135514,"Intron (ENST00000300896.9/84669, intron 1 of 33)","84669","USP32","ubiquitin specific peptidase 32",18696
"chr11",75263760,75265263,1504,-0.96939575801371,0.916757994977199,0.0198605587974038,"3' UTR","408","ARRB1","arrestin beta 1",9675
"chr11",2480454,2482266,1813,-1.3188290912145,1.14075809691006,0.019883018678475,"Intron (ENST00000496887.7/3784, intron 2 of 15)","3784","KCNQ1","potassium voltage-gated channel subfamily Q member 1",18567
"chr17",29706328,29707913,1586,-0.468729629738259,2.41305042101413,0.0199444452600423,"Exon (ENST00000581474.1/ENST00000581474.1, exon 2 of 2)","85464","SSH2","slingshot protein phosphatase 2",53477
"chr19",35462279,35463564,1286,-1.22820380819121,1.06537554492815,0.0199713743574749,"Distal Intergenic","2867","FFAR2","free fatty acid receptor 2",14022
"chr20",32736389,32737824,1436,-1.07834013805664,1.09295582879302,0.0200118518744535,"Intron (ENST00000642484.1/284805, intron 1 of 9)","149951","COMMD7","COMM domain containing 7",5582
"chrX",41435267,41436811,1545,-1.08181887668666,1.56652606781346,0.0201132768982192,"Distal Intergenic","60506","NYX","nyctalopin",-10532
"chr2",191114598,191115777,1180,-1.03593056615546,1.882646281235,0.0201728331875935,"Intron (ENST00000392320.7/6775, intron 3 of 23)","6775","STAT4","signal transducer and activator of transcription 4",35194
"chr1",40421276,40424062,2787,-1.1710662377542,1.46940996596691,0.0201735349616524,"3' UTR","64744","SMAP2","small ArfGAP2",7299
"chr22",24206502,24209015,2514,-1.04104662728979,1.14170682585788,0.0202034573030841,"Distal Intergenic","2687","GGT5","gamma-glutamyltransferase 5",17097
"chr11",128506455,128507900,1446,-0.620429798682661,0.474657981545188,0.0202501499462523,"Promoter (1-2kb)","2113","ETS1","ETS proto-oncogene 1, transcription factor",-1061
"chr22",29750441,29751976,1536,-1.19575040220174,1.67068788375283,0.0202837474449666,"Intron (ENST00000344318.4/55954, intron 1 of 5)","55954","ZMAT5","zinc finger matrin-type 5",15031
"chr11",126226089,126226834,746,-1.59651074008035,1.28656870005711,0.0202927935532176,"Promoter (2-3kb)","79607","FAM118B","family with sequence similarity 118 member B",-2390
"chr1",40338926,40339794,869,-0.679959304129995,0.508762549406261,0.0204919235622596,"Distal Intergenic","64744","SMAP2","small ArfGAP2",-5056
"chr20",33858274,33860103,1830,-1.05848941565954,1.05838398675869,0.0205034097022422,"Distal Intergenic","128866","CHMP4B","charged multivesicular body protein 4B",46926
"chr6",137233276,137234134,859,-1.0258539488741,1.50656712667883,0.0205345782081264,"Distal Intergenic","3459","IFNGR1","interferon gamma receptor 1",-13827
"chr3",156605687,156606786,1100,-1.16519953607978,1.36514856291807,0.0205939468924462,"Distal Intergenic","6747","SSR3","signal sequence receptor subunit 3",-50538
"chr5",176017587,176018757,1171,-0.990969880679858,0.731870624248054,0.0207921289814268,"Intron (ENST00000514861.5/84321, intron 1 of 3)","84321","THOC3","THO complex subunit 3",15849
"chr1",160628671,160630669,1999,-1.03221459507032,1.3252399929846,0.0208158721125144,"Intron (ENST00000302035.11/6504, intron 3 of 6)","6504","SLAMF1","signaling lymphocytic activation molecule family member 1",16289
"chr10",103053084,103055137,2054,-1.1926695445154,1.59679303954876,0.0208244378388963,"Exon (ENST00000369878.9/54805, exon 3 of 8)","54805","CNNM2","cyclin and CBS domain divalent metal cation transport mediator 2",-13299
"chr7",105353339,105354550,1212,-0.815079990789331,0.963599303910031,0.0209754304422723,"Intron (ENST00000477925.6/6733, intron 2 of 15)","6733","SRPK2","SRSF protein kinase 2",34348
"chr20",49593698,49596456,2759,-0.896496671039696,1.02501196890162,0.0209830837943593,"Distal Intergenic","5740","PTGIS","prostaglandin I2 synthase",-25561
"chr5",80182968,80183977,1010,-0.754091514375677,0.698941758267617,0.020991883397735,"Intron (ENST00000509193.5/256987, intron 2 of 12)","256987","SERINC5","serine incorporator 5",-15788
"chr19",18495062,18496891,1830,-0.847530653058585,0.923553989236163,0.0210752012054678,"Intron (ENST00000262809.9/8178, intron 1 of 11)","8178","ELL","elongation factor for RNA polymerase II",-19129
"chr1",100443726,100444771,1046,-0.774883445141138,1.90397783411579,0.0211253086694783,"Intron (ENST00000644844.1/8556, intron 7 of 15)","8556","CDC14A","cell division cycle 14A",19994
"chr20",5646666,5648623,1958,-0.919649651872822,1.13731924657756,0.0211260035753741,"Distal Intergenic","56261","GPCPD1","glycerophosphocholine phosphodiesterase 1",-35660
"chr8",124640031,124641665,1635,-0.898023295782591,1.18573579296332,0.0211275685282116,"Intron (ENST00000518547.6/9788, intron 3 of 13)","9788","MTSS1","MTSS I-BAR domain containing 1",-20552
"chr11",48005488,48006826,1339,-0.633605157091861,0.715155163138418,0.0211510120946688,"Intron (ENST00000698881.1/5795, intron 1 of 24)","5795","PTPRJ","protein tyrosine phosphatase receptor type J",24761
"chr2",143203876,143205323,1448,-1.28577353802729,1.68528599606941,0.0212542262227627,"Intron (ENST00000409869.5/55843, intron 4 of 6)","55843","ARHGAP15","Rho GTPase activating protein 15",10492
"chr6",42770539,42771572,1034,-1.17417047792623,1.30094832949927,0.0212637494066811,"Distal Intergenic","23506","BICRAL","BICRA like chromatin remodeling complex associated protein",-10480
"chr11",10743434,10744054,621,-1.10987862474532,1.27150175423286,0.0212825354508686,"Distal Intergenic","9646","CTR9","CTR9 homolog, Paf1/RNA polymerase II complex component",-7192
"chr12",11710177,11711708,1532,-1.0079213773289,0.77585176496715,0.0214639843130132,"Intron (ENST00000396373.9/2120, intron 1 of 7)","2120","ETV6","ETS variant transcription factor 6",-40793
"chr2",234100195,234102227,2033,-1.14300773538663,0.990539396944238,0.0216225270568861,"Distal Intergenic","6694","SPP2","secreted phosphoprotein 2",49358
"chr3",94079849,94081396,1548,-1.26788258345932,1.24849023292303,0.0217675398733988,"Intron (ENST00000483378.1/63899, intron 2 of 4)","200895","DHFR2","dihydrofolate reductase 2",-16460
"chrX",41382581,41384682,2102,-1.16229223877737,0.941715823138807,0.0218017708828073,"Distal Intergenic","1654","DDX3X","DEAD-box helicase 3 X-linked",36261
"chr11",16986092,16987102,1011,-1.1439714002712,1.25600841542503,0.0218581515637211,"Intron (ENST00000531066.6/144100, intron 3 of 26)","144100","PLEKHA7","pleckstrin homology domain containing A7",26240
"chr4",121218732,121219366,635,-0.960188845316929,0.707327921442045,0.0218589357706767,"Promoter (2-3kb)","79931","TNIP3","TNFAIP3 interacting protein 3",-2105
"chr7",26187363,26188599,1237,-1.04047964071499,0.74240935416591,0.0219540688743154,"Intron (ENST00000679318.1/3181, intron 10 of 11)","9603","NFE2L3","NFE2 like bZIP transcription factor 3",9360
"chr6",106141317,106143015,1699,-1.15012769899374,1.60668290766292,0.0221230061173582,"Intron (ENST00000636437.1/9474, intron 6 of 6)","639","PRDM1","PR/SET domain 1",42377
"chr15",63707543,63708282,740,-1.01367770127404,1.40073449315641,0.0221728485820932,"Intron (ENST00000559303.2/ENST00000559303.2, intron 3 of 3)","8925","HERC1","HECT and RLD domain containing E3 ubiquitin protein ligase family member 1",14975
"chr7",2982788,2984368,1581,-0.78520669413479,0.923073922567097,0.0222404590686229,"Promoter (2-3kb)","84433","CARD11","caspase recruitment domain family member 11",-2194
"chr10",26446388,26448412,2025,-0.596852199603912,0.473899458774275,0.0222655350668486,"Intron (ENST00000376236.9/54518, intron 2 of 14)","54518","APBB1IP","amyloid beta precursor protein binding family B member 1 interacting protein",7963
"chr8",12765300,12767351,2052,-1.06334072638621,1.61511837703657,0.0225232329686487,"Exon (ENST00000534827.5/340357, exon 5 of 5)","91694","LONRF1","LON peptidase N-terminal domain and ring finger 1",-9227
"chr22",50398532,50400681,2150,-0.962033386246683,1.28050741909728,0.0225262253457612,"Intron (ENST00000359139.7/9701, intron 3 of 22)","9701","PPP6R2","protein phosphatase 6 regulatory subunit 2",-18761
"chr5",172173128,172174136,1009,-0.617481097159429,0.7377380529124,0.022569843472856,"Intron (ENST00000176763.10/6793, intron 1 of 18)","6793","STK10","serine/threonine kinase 10",14088
"chr7",5724043,5724806,764,-1.08651072397884,0.900073613079695,0.0225968300703247,"Intron (ENST00000389902.8/54476, intron 8 of 16)","54476","RNF216","ring finger protein 216",-10602
"chrX",30657664,30660148,2485,-1.23993127534637,1.63693387870273,0.0226877124605483,"Intron (ENST00000378943.7/2710, intron 1 of 19)","2710","GK","glycerol kinase",4126
"chr7",3067249,3070449,3201,-0.941346009157141,0.987155010099073,0.0227695546922715,"Distal Intergenic","84433","CARD11","caspase recruitment domain family member 11",-23021
"chr2",136381536,136383183,1648,-1.18931758905876,1.58461889664644,0.0229248212814696,"Distal Intergenic","7852","CXCR4","C-X-C motif chemokine receptor 4",-262359
"chr6",158686265,158687961,1697,-0.379783951974583,2.39867667443902,0.0229548065740321,"Intron (ENST00000360448.8/94120, intron 7 of 18)","94120","SYTL3","synaptotagmin like 3",36211
"chr19",41966742,41967898,1157,-1.17509494195838,1.37058817271724,0.0229953491349477,"3' UTR","10567","RABAC1","Rab acceptor 1",-7421
"chr2",234483276,234484830,1555,-1.04155652763663,1.39003485235071,0.0229986294764407,"Distal Intergenic","10123","ARL4C","ADP ribosylation factor like GTPase 4C",12223
"chr3",105997519,105998601,1083,-1.19749049193363,1.08801682374187,0.0230598981141124,"Distal Intergenic","868","CBLB","Cbl proto-oncogene B",-127967
"chr2",230456981,230458639,1659,-1.2528487903457,1.67262320550879,0.0231701403591931,"Intron (ENST00000264052.9/6672, intron 8 of 24)","6672","SP100","SP100 nuclear antigen",-3796
"chr6",139307856,139309741,1886,-1.07286098537414,0.890227498496701,0.0231735421105084,"Intron (ENST00000650173.1/107986651, intron 4 of 7)","167838","TXLNB","taxilin beta",-15858
"chr6",14108489,14110201,1713,-1.10689699457845,1.63097152581936,0.0231761755642185,"Distal Intergenic","9308","CD83","CD83 molecule",-7055
"chr17",80930184,80930509,326,-1.42844965033092,1.11947214151008,0.0232354064563286,"Intron (ENST00000306801.8/57521, intron 24 of 33)","57521","RPTOR","regulatory associated protein of MTOR complex 1",7460
"chr19",35204875,35207611,2737,-0.761492417795733,0.931963252771419,0.0232921724000483,"Distal Intergenic","148109","FAM187B","family with sequence similarity 187 member B",21128
"chrX",136673297,136674227,931,-0.859526486002203,0.650479566010571,0.0233814559360213,"Intron (ENST00000370620.5/9459, intron 18 of 20)","959","CD40LG","CD40 ligand",20090
"chr2",201208356,201209586,1231,-0.942402075820495,0.775793512077098,0.0234374734127496,"3' UTR","841","CASP8","caspase 8",-23857
"chr14",92472773,92474462,1690,-1.08705141735401,1.11301121092361,0.0235892428413487,"Intron (ENST00000393265.6/123041, intron 12 of 16)","123041","SLC24A4","solute carrier family 24 member 4",20007
"chr3",172132006,172132769,764,-0.812142922954188,0.781367417419511,0.0236214719445017,"Intron (ENST00000415807.7/64778, intron 2 of 25)","64778","FNDC3B","fibronectin type III domain containing 3B",5032
"chr7",36677830,36679069,1240,-0.949340420648306,1.75919812108352,0.0236920184802719,"Intron (ENST00000617537.5/313, intron 2 of 20)","313","AOAH","acyloxyacyl hydrolase",-16530
"chr10",95837264,95838107,844,-0.946854846771396,1.35170493490761,0.023742223733416,"Promoter (1-2kb)","953","ENTPD1","ectonucleoside triphosphate diphosphohydrolase 1",-1183
"chr5",134131862,134132967,1106,-0.528699453693863,0.410854944436019,0.0237510562130706,"Intron (ENST00000342854.10/6932, intron 3 of 9)","6932","TCF7","transcription factor 7",-4898
"chr13",51764199,51765578,1380,-1.15141923500408,1.60729610539896,0.0237582928355047,"3' UTR","79758","DHRS12","dehydrogenase/reductase 12",8546
"chr2",196162546,196163051,506,-1.01391482371463,1.20676882718008,0.0238243049063849,"Intron (ENST00000263955.9/9262, intron 2 of 7)","9262","STK17B","serine/threonine kinase 17b",7949
"chr6",45495361,45496175,815,-1.01779489893331,0.864847834442575,0.0239461279790926,"Intron (ENST00000483377.5/860, intron 5 of 7)","860","RUNX2","RUNX family transcription factor 2",72784
"chr2",156464362,156465655,1294,-1.22031724310931,0.93399547472576,0.0239475834015244,"Intron (ENST00000415049.5/2820, intron 1 of 3)","2820","GPD2","glycerol-3-phosphate dehydrogenase 2",-7917
"chr17",50930886,50932038,1153,-1.17474831983284,1.68625744549293,0.0239635980222724,"Distal Intergenic","9043","SPAG9","sperm associated antigen 9",43322
"chr1",241810835,241811837,1003,-1.08694708350148,0.936412481373272,0.023982562717708,"Intron (ENST00000684005.1/124904603, intron 1 of 5)","9156","EXO1","exonuclease 1",-36130
"chr2",43519536,43520674,1139,-1.25095228944786,1.02113428280268,0.0243199923088892,"Intron (ENST00000407351.5/63892, intron 9 of 22)","63892","THADA","THADA armadillo repeat containing",-10783
"chr10",133235058,133236519,1462,-1.08632461707323,1.26788987783438,0.0243262074464728,"Promoter (1-2kb)","27287","VENTX","VENT homeobox",-1336
"chr2",191126444,191127219,776,-1.01121556281266,1.79218732392035,0.0243269822059074,"Intron (ENST00000392320.7/6775, intron 3 of 23)","6775","STAT4","signal transducer and activator of transcription 4",23752
"chr10",22604659,22605232,574,-0.677433465567776,0.51469026308187,0.0243554948500704,"Intron (ENST00000376573.9/5305, intron 3 of 9)","5305","PIP4K2A","phosphatidylinositol-5-phosphate 4-kinase type 2 alpha",4485
"chr15",63668123,63668753,631,-1.33995862915082,1.82801020956166,0.0243953694505438,"Intron (ENST00000443617.7/8925, intron 40 of 77)","8925","HERC1","HECT and RLD domain containing E3 ubiquitin protein ligase family member 1",9233
"chr17",78385807,78386862,1056,-0.748968198612249,0.793188178679062,0.0244124006458108,"Intron (ENST00000586325.5/9489, intron 2 of 3)","9489","PGS1","phosphatidylglycerophosphate synthase 1",7110
"chrX",13028902,13030723,1822,-1.16468562559295,1.57499060895281,0.0244205868732139,"Distal Intergenic","171484","FAM9C","family with sequence similarity 9 member C",12465
"chrX",46587805,46588638,834,-1.06693841771612,1.25364816572786,0.0244998783432642,"Intron (ENST00000276055.4/56548, intron 1 of 1)","56548","CHST7","carbohydrate sulfotransferase 7",14040
"chr13",33610389,33611406,1018,-1.32351147711697,1.09790552586104,0.0246004633569179,"Exon (ENST00000442716.1/ENST00000442716.1, exon 1 of 2)","90627","STARD13","StAR related lipid transfer domain containing 13",65318
"chr7",141975838,141976533,696,-1.22404183070759,1.40408838302109,0.0246189532327676,"Promoter (2-3kb)","5726","TAS2R38","taste 2 receptor member 38",-2065
"chr9",107874595,107875640,1046,-1.0008475248471,0.780806948139144,0.0246403528498622,"Distal Intergenic","9314","KLF4","KLF transcription factor 4",-384113
"chr7",2902393,2903964,1572,-0.909989575899762,0.737451052503654,0.0246745779055546,"Distal Intergenic","84433","CARD11","caspase recruitment domain family member 11",18765
"chr8",65780795,65781556,762,-1.14663708053773,0.834548531405081,0.0247659519822686,"Exon (ENST00000519231.5/5150, exon 4 of 6)","5150","PDE7A","phosphodiesterase 7A",7528
"chr1",35779305,35780259,955,-1.10989004624944,1.32352010507275,0.0248783970681439,"Distal Intergenic","63967","CLSPN","claspin",-9327
"chr10",103907824,103908836,1013,-0.966982663809043,1.2191611318302,0.0249096433165261,"Intron (ENST00000698239.1/79991, intron 4 of 11)","79991","STN1","STN1 subunit of CST complex",-7671
"chr2",102082541,102083313,773,-1.44723607791541,2.04325370732958,0.0249686500500312,"Intron (ENST00000452403.5/3554, intron 2 of 4)","3554","IL1R1","interleukin 1 receptor type 1",12165
"chr13",46176828,46177935,1108,-0.894915825685711,1.1100686791609,0.0250291464483694,"Intron (ENST00000398576.6/3936, intron 4 of 18)","3936","LCP1","lymphocyte cytosolic protein 1",4242
"chr6",11550996,11552182,1187,-1.03542994691835,1.10387251595445,0.0250349178534259,"Intron (ENST00000379426.2/100113407, intron 1 of 2)","100113407","TMEM170B","transmembrane protein 170B",13247
"chr2",43417558,43419277,1720,-0.979648295051559,1.06699286418656,0.0250437860386204,"Intron (ENST00000407351.5/63892, intron 13 of 22)","63892","THADA","THADA armadillo repeat containing",-19500
"chr6",52396978,52398881,1904,-0.913111778602152,0.677564900618967,0.0251122610489541,"Intron (ENST00000512121.1/85315, intron 1 of 1)","114327","EFHC1","EF-hand domain containing 1",-14133
"chr5",39185746,39186476,731,-0.99790761547908,1.17017734795363,0.0251607598789965,"Intron (ENST00000351578.12/2533, intron 2 of 17)","2533","FYB1","FYN binding protein 1",16551
"chr2",130563303,130564534,1232,-0.91790209648877,0.709916782939553,0.0251707544664081,"Distal Intergenic","150527","PRSS40A","serine protease 40A (pseudogene)",-6295
"chr3",47788222,47789637,1416,-1.26700743669375,1.86821102310138,0.0252016433623066,"Distal Intergenic","6599","SMARCC1","SWI/SNF related, matrix associated, actin dependent regulator of chromatin subfamily c member 1",-6116
"chr1",226727303,226727835,533,-0.668407476280708,0.516906174337168,0.0252414852957565,"Intron (ENST00000272117.8/3707, intron 2 of 7)","3707","ITPKB","inositol-trisphosphate 3-kinase B",9994
"chr8",120856977,120858120,1144,-1.16332928201019,1.30504230665,0.0252522968263662,"Distal Intergenic","6641","SNTB1","syntrophin beta 1",-43704
"chr15",81303698,81304663,966,-0.580243365971162,0.3999918998968,0.0253088173789335,"Promoter (1-2kb)","3603","IL16","interleukin 16",-1083
"chr9",133112547,133113960,1414,-0.820437710089514,0.934344553460899,0.0258059229550562,"Intron (ENST00000493438.5/5900, intron 1 of 17)","5900","RALGDS","ral guanine nucleotide dissociation stimulator",-3709
"chr11_KI270830v1_alt",15820,17160,1341,-0.99121446935487,1.5608958571428,0.0258381383784311,"Distal Intergenic","1850","DUSP8","dual specificity phosphatase 8",24520
"chr3",149447840,149449521,1682,-1.01638199165007,1.21049346360124,0.025994591930672,"Distal Intergenic","7104","TM4SF4","transmembrane 4 L six family member 4",-25176
"chr1",169691128,169692629,1502,-0.654849921459064,0.753773837295435,0.0261741735353859,"3' UTR","6402","SELL","selectin L",10700
"chr19",10593522,10594606,1085,-0.942120024823465,0.796082706428415,0.026210262739456,"Distal Intergenic","10053","AP1M2","adaptor related protein complex 1 subunit mu 2",-6207
"chr20",53578736,53579357,622,-0.713777835179025,0.509910030699203,0.0262235537093865,"Promoter (2-3kb)","7764","ZNF217","zinc finger protein 217",-2709
"chr14",70998295,71000174,1880,-0.824032608312523,2.3197724206584,0.0263407238313315,"Intron (ENST00000554879.5/22990, intron 8 of 9)","22990","PCNX1","pecanex 1",-12857
"chr2",218257011,218257927,917,-1.0761601183665,1.15356717128437,0.0263482860270969,"Promoter (1-2kb)","151306","GPBAR1","G protein-coupled bile acid receptor 1",-1569
"chr3",131042127,131043130,1004,-1.1360120844384,1.44584628291455,0.0264126050255381,"Intron (ENST00000510769.5/79858, intron 2 of 13)","79858","NEK11","NIMA related kinase 11",12418
"chr7",36776689,36778212,1524,-1.11886550359734,1.44998779794173,0.0264553470610307,"Distal Intergenic","313","AOAH","acyloxyacyl hydrolase",-52140
"chr1",160789204,160790809,1606,-1.21968156600695,1.73467355196866,0.0264612574614925,"Distal Intergenic","4063","LY9","lymphocyte antigen 9",-5265
"chr1",167600282,167603319,3038,-1.17278605862047,1.56422217314827,0.0266088062309745,"Distal Intergenic","92241","RCSD1","RCSD domain containing 1",-26774
"chr6",26472601,26473404,804,-1.01044718742025,1.06077663701769,0.0266707473891999,"Intron (ENST00000707189.1/ENST00000707189.1, intron 1 of 1)","11120","BTN2A1","butyrophilin subfamily 2 member A1",7374
"chr17",81287327,81288349,1023,-0.744107502403472,0.574766219210303,0.0267070933802221,"Promoter (1-2kb)","124565","SLC38A10","solute carrier family 38 member 10",-1613
"chr20",4961078,4963058,1981,-1.18661366714111,1.54204871567893,0.0267505148573845,"Intron (ENST00000379333.5/9962, intron 2 of 16)","9962","SLC23A2","solute carrier family 23 member 2",38452
"chr14",24692786,24696145,3360,-1.06107135279653,1.4006625166753,0.0268222820355879,"Distal Intergenic","3002","GZMB","granzyme B",-58519
"chr22",26579192,26580406,1215,-0.962303521566496,1.0906841772616,0.0269065415823454,"Intron (ENST00000338754.9/8459, intron 1 of 6)","8459","TPST2","tyrosylprotein sulfotransferase 2",9719
"chrY",1521231,1522813,1583,-0.985807649650319,0.77888605324976,0.0269202501645879,"Intron (ENST00000711216.1/286530, intron 1 of 1)","286530","P2RY8","P2Y receptor family member 8",14372
"chr6",18436636,18438127,1492,-1.2537215692581,1.03567192960746,0.0270123488560509,"Intron (ENST00000259939.4/255488, intron 3 of 7)","255488","RNF144B","ring finger protein 144B",49122
"chr2",201127172,201127827,656,-0.495535294997829,0.489175543994192,0.0270388250912032,"Promoter (1-2kb)","8837","CFLAR","CASP8 and FADD like apoptosis regulator",-1502
"chr1",110619256,110621063,1808,-1.16057341597145,1.3688414564803,0.0271548599922365,"Exon (ENST00000674674.1/ENST00000674674.1, exon 1 of 2)","3737","KCNA2","potassium voltage-gated channel subfamily A member 2",10411
"chr13",45932677,45933697,1021,-1.13503818929634,0.951411442256129,0.0271700014487908,"Distal Intergenic","23091","ZC3H13","zinc finger CCCH-type containing 13",77858
"chr1",32265285,32265810,526,-0.684361426821044,0.727100000703536,0.0271949884662943,"Intron (ENST00000696990.1/3932, intron 1 of 5)","3932","LCK","LCK proto-oncogene, Src family tyrosine kinase",-8303
"chr15",44784139,44784976,838,-0.886576154965777,2.60172930118079,0.0271970460289378,"Distal Intergenic","140691","TRIM69","tripartite motif containing 69",25365
"chr3",171247030,171248733,1704,-1.08948284493606,1.40432837423126,0.0272046111651709,"Intron (ENST00000436636.7/23043, intron 2 of 32)","23043","TNIK","TRAF2 and NCK interacting kinase",-21319
"chr19",16315773,16317286,1514,-1.13687243822612,1.2078232863096,0.0272231745728626,"Intron (ENST00000588799.1/ENST00000588799.1, intron 1 of 1)","10365","KLF2","KLF transcription factor 2",-7540
"chr2",60515225,60516719,1495,-1.10541271197694,1.55468107544066,0.0272765083220943,"Intron (ENST00000646249.1/53335, intron 3 of 4)","53335","BCL11A","BCL11 transcription factor A",11136
"chr10",26468607,26469005,399,-0.881050137880945,0.666234180971262,0.0272928438978747,"Intron (ENST00000376236.9/54518, intron 2 of 14)","54518","APBB1IP","amyloid beta precursor protein binding family B member 1 interacting protein",30182
"chr1",109790109,109791561,1453,-1.17311803240178,1.72437706859917,0.027316133380114,"Distal Intergenic","79574","EPS8L3","EPS8 signaling adaptor L3",-26082
"chr5",111237730,111238772,1043,-0.925556368578886,0.962196216040364,0.0273286195794461,"Intron (ENST00000508074.5/814, intron 2 of 5)","814","CAMK4","calcium/calmodulin dependent protein kinase IV",13266
"chr1",19505013,19506380,1368,-1.15215543812221,1.69870831455027,0.0273633367208982,"Intron (ENST00000648702.1/440574, intron 1 of 3)","832","CAPZB","capping actin protein of muscle Z-line subunit beta",-19474
"chr2",120176350,120177863,1514,-0.303077145802634,2.47674112424701,0.0274545684729328,"3' UTR","57669","EPB41L5","erythrocyte membrane protein band 4.1 like 5",15783
"chr8",28363332,28364241,910,-1.12992690729605,0.986992171731194,0.0276746173417939,"Intron (ENST00000344423.10/55893, intron 1 of 9)","55893","ZNF395","zinc finger protein 395",-10078
"chr17_KI270857v1_alt",2762832,2764368,1537,-0.85367983249025,0.857487506084239,0.0276820835247455,"Promoter (1-2kb)","284106","CISD3","CDGSH iron sulfur domain 3",-1186
"chr20",47123697,47125514,1818,-1.19579966025741,1.41094547999588,0.0277768695416882,"Intron (ENST00000357410.7/2139, intron 9 of 13)","2139","EYA2","EYA transcriptional coactivator and phosphatase 2",34458
"chr12",120086753,120087713,961,-0.996809063021398,1.20462026174665,0.0278411704037184,"Intron (ENST00000548673.6/92558, intron 8 of 9)","92558","BICDL1","BICD family like cargo adaptor 1",-3042
"chr1",37825043,37826502,1460,-1.02751094200575,0.801599897999763,0.0278519350214546,"Intron (ENST00000373036.5/4520, intron 7 of 10)","79693","YRDC","yrdC N6-threonylcarbamoyltransferase domain containing",-16835
"chr2",97931440,97932221,782,-1.25161026436712,1.9387566195686,0.0279311921114393,"Intron (ENST00000186436.10/23505, intron 1 of 40)","23505","TMEM131","transmembrane protein 131",-24194
"chr1",112635582,112636108,527,-1.01131007546268,0.782270320996113,0.0279530407051121,"Intron (ENST00000485542.5/829, intron 1 of 2)","54879","ST7L","suppression of tumorigenicity 7 like",-14757
"chr16",1480208,1481443,1236,-0.957720946576876,0.809091927431147,0.0279638278332402,"Distal Intergenic","1186","CLCN7","chloride voltage-gated channel 7",-5131
"chr2",101703112,101704356,1245,-1.13097470189829,1.4635938013124,0.0279686180854292,"Intron (ENST00000427603.5/9448, intron 3 of 4)","9448","MAP4K4","mitogen-activated protein kinase kinase kinase kinase 4",4582
"chr8",66589375,66590454,1080,-1.20192193578512,1.2835020990226,0.027987804511761,"Intron (ENST00000522677.8/4603, intron 8 of 15)","4603","MYBL1","MYB proto-oncogene like 1",22167
"chr22",38966781,38968542,1762,-1.13220240544797,1.49924127108294,0.0281237668771784,"Distal Intergenic","200315","APOBEC3A","apolipoprotein B mRNA editing enzyme catalytic subunit 3A",9172
"chr20",53214566,53216531,1966,-1.08471859060284,1.22273989563573,0.0281461156145833,"Intron (ENST00000371497.10/128553, intron 1 of 2)","128553","TSHZ2","teashirt zinc finger homeobox 2",29283
"chr2",230441514,230442159,646,-1.1661237144249,0.872410847728513,0.0281781690850354,"Intron (ENST00000264052.9/6672, intron 2 of 24)","6672","SP100","SP100 nuclear antigen",-7216
"chr6",137223460,137225221,1762,-0.900487649393449,1.17452163143895,0.0282298492262118,"Distal Intergenic","3459","IFNGR1","interferon gamma receptor 1",-4011
"chr3",158722553,158724227,1675,-0.899752301296968,0.694340972804181,0.0283234173311015,"Intron (ENST00000237696.10/5918, intron 1 of 5)","64747","MFSD1","major facilitator superfamily domain containing 1",-7971
"chr6_GL000251v2_alt",3035758,3038010,2253,-1.08483562037932,1.23780027265698,0.0283953442341165,"3' UTR","4795","NFKBIL1","NFKB inhibitor like 1",10772
"chr7",73587256,73588237,982,-0.957910336202489,0.779636958326258,0.0284025244655592,"Distal Intergenic","26608","TBL2","transducin beta like 2",-8465
"chr17",27807624,27808891,1268,-0.97340765914924,1.17668283100545,0.028422519609659,"Intron (ENST00000582441.1/201229, intron 3 of 4)","4843","NOS2","nitric oxide synthase 2",-7095
"chr15",73295776,73296633,858,-1.0473139204345,0.917890525812701,0.0284704237311456,"Promoter (1-2kb)","4756","NEO1","neogenin 1",-1666
"chr8",29230185,29231512,1328,-0.953376306380612,0.755091300545533,0.0285681683561676,"Intron (ENST00000524189.6/23303, intron 2 of 39)","23303","KIF13B","kinesin family member 13B",31550
"chr10",14559763,14562196,2434,-0.738510071709821,0.944112929584575,0.0286201453653645,"Intron (ENST00000181796.7/83641, intron 2 of 4)","83641","FAM107B","family with sequence similarity 107 member B",-3349
"chr2",19891403,19892233,831,-1.12770605922973,0.930279198747961,0.0286998773808359,"Distal Intergenic","130502","TTC32","tetratricopeptide repeat domain 32",6244
"chr5",83311900,83313861,1962,-1.10385952794162,0.857544360422917,0.0287064586547631,"Intron (ENST00000282268.7/7518, intron 7 of 7)","1462","VCAN","versican",-157757
"chr1",206757416,206759349,1934,-1.26405663984095,1.79072209838911,0.0287120969191901,"Distal Intergenic","3586","IL10","interleukin 10",11237
"chr12",69343603,69344104,502,-0.798782300857072,0.626190630380691,0.0287925856744224,"Distal Intergenic","4069","LYZ","lysozyme",-4277
"chr10",71371558,71373895,2338,-0.940161318259308,0.749453294040947,0.0288371226110597,"Intron (ENST00000644895.1/55315, intron 4 of 5)","55315","SLC29A3","solute carrier family 29 member 3",19870
"chr11",14414646,14415861,1216,-1.07225195166248,1.63716709450068,0.0288371632782702,"Distal Intergenic","1315","COPB1","COPI coat complex subunit beta 1",45361
"chr12",120479545,120482057,2513,-1.12567804404687,1.60663314104171,0.0288633940069246,"Intron (ENST00000392509.6/8655, intron 1 of 2)","8683","SRSF9","serine and arginine rich splicing factor 9",-4772
"chr17",75124096,75126317,2222,-0.830366733965918,0.628010218962411,0.028957632593644,"Intron (ENST00000581078.1/79637, intron 2 of 2)","30833","NT5C","5', 3'-nucleotidase, cytosolic",4731
"chr11",13207377,13208260,884,-1.09298052073091,1.21303333155591,0.0289856689552891,"Distal Intergenic","406","BMAL1","basic helix-loop-helix ARNT like 1",-68392
"chr3",32423830,32425156,1327,-0.737415484222601,0.694421188393628,0.0289941249983094,"Intron (ENST00000349718.8/112616, intron 1 of 3)","112616","CMTM7","CKLF like MARVEL transmembrane domain containing 7",-24359
"chr16",56261559,56264492,2934,-1.06698438112203,1.4623151463338,0.0290637628500348,"Intron (ENST00000262494.13/2775, intron 2 of 7)","2775","GNAO1","G protein subunit alpha o1",-5747
"chr17",29741634,29743210,1577,-0.907208365550976,0.69996488066876,0.0290674158430405,"Intron (ENST00000269033.7/85464, intron 2 of 14)","85464","SSH2","slingshot protein phosphatase 2",18180
"chr1",184904795,184905785,991,-1.1119329639076,0.931495722190125,0.0290767223201502,"Intron (ENST00000367511.4/116496, intron 1 of 13)","116496","NIBAN1","niban apoptosis regulator 1",-14610
"chr18_GL383572v1_alt",138813,140517,1705,-1.2018078002844,1.7414810933074,0.0291009995418775,"5' UTR","27164","SALL3","spalt like transcription factor 3",78898
"chrX",149513297,149514745,1449,-0.941569179463453,0.783505652306887,0.0291050278888093,"5' UTR","3423","IDS","iduronate 2-sulfatase",6351
"chr5",142088118,142089374,1257,-0.917180355528761,0.806673712416484,0.0291459388943337,"Distal Intergenic","80762","NDFIP1","Nedd4 family interacting protein 1",-19405
"chr8",20188235,20190094,1860,-0.935166333768784,1.10412021429661,0.0292172395300411,"Distal Intergenic","6570","SLC18A1","solute carrier family 18 member A1",-5029
"chr17",534029,535474,1446,-0.941621245684001,1.05172497835375,0.0292438965741852,"Promoter (1-2kb)","55275","VPS53","VPS53 subunit of GARP complex",-1036
"chr12",96407318,96408641,1324,-1.13670240930816,1.25553257263732,0.0292622431787481,"Distal Intergenic","5128","CDK17","cyclin dependent kinase 17",-6838
"chr2",68740069,68740934,866,-0.665059843397515,0.699339183515678,0.0293067452617232,"Intron (ENST00000463483.5/9938, intron 2 of 7)","9938","ARHGAP25","Rho GTPase activating protein 25",4692
"chr1",89706343,89708429,2087,-1.05329101366586,0.820534687163513,0.0293126541809974,"3' UTR","84230","LRRC8C","leucine rich repeat containing 8 VRAC subunit C",73162
"chr1_GL383518v1_alt",50820,52647,1828,-1.02753814870124,0.885605341803792,0.0293180925319716,"Intron (ENST00000576030.5/65123, intron 1 of 29)","65123","INTS3","integrator complex subunit 3",5636
"chr15",67091011,67091594,584,-0.732333736665595,0.59798516251659,0.0294200785918097,"Intron (ENST00000559460.6/4088, intron 1 of 8)","4088","SMAD3","SMAD family member 3",-6988
"chr1",111221292,111222068,777,-0.619229154155403,0.612754786658729,0.0294390222370778,"Intron (ENST00000445067.6/1117, intron 1 of 12)","1117","CHI3L2","chitinase 3 like 2",-4948
"chr10",69101197,69102527,1331,-0.958526732036029,0.779259067341638,0.0295214533372699,"Intron (ENST00000242465.4/5552, intron 2 of 2)","5552","SRGN","serglycin",13091
"chr1",108591286,108592571,1286,-0.419913942553354,2.16763398142108,0.0295843166276505,"Intron (ENST00000405454.1/284611, intron 1 of 10)","284611","EEIG2","EEIG family member 2",31186
"chr18",9770804,9772526,1723,-1.00011895890795,1.41425710377379,0.0296136641253408,"Promoter (2-3kb)","11031","RAB31","RAB31, member RAS oncogene family",-2761
"chr12",6890713,6891941,1229,-1.26597911539426,1.93567476245928,0.0296363545773297,"Promoter (1-2kb)","105369632","LOC105369632","uncharacterized LOC105369632",-1355
"chrX",136546038,136547530,1493,-1.15352275286045,1.27017525681295,0.0296603629218858,"Promoter (2-3kb)","51442","VGLL1","vestigial like family member 1",-2912
"chr1",209656761,209659698,2938,-1.0291636014123,1.10438838590595,0.0296616865450338,"Distal Intergenic","3914","LAMB3","laminin subunit beta 3",-4336
"chr2",60936780,60938123,1344,-0.940833386764071,0.757663347789153,0.0296822350174081,"Exon (ENST00000414613.1/ENST00000414613.1, exon 1 of 1)","5966","REL","REL proto-oncogene, NF-kB subunit",19594
"chr1",161621312,161622694,1383,-0.860837254620399,1.2018942738973,0.0297592138019988,"Intron (ENST00000699402.1/2214, intron 1 of 3)","2215","FCGR3B","Fc gamma receptor IIIb",8338
"chrX",13091993,13092800,808,-0.777469741799264,1.05661678564533,0.0297760843303096,"Distal Intergenic","171484","FAM9C","family with sequence similarity 9 member C",-47311
"chr1",42936075,42939151,3077,-0.631944113128541,0.465882359966228,0.0297803974020483,"Intron (ENST00000426263.10/6513, intron 2 of 9)","6513","SLC2A1","solute carrier family 2 member 1",4087
"chr11",117969591,117971367,1777,-0.914058011972944,0.942744999439125,0.0298380836936913,"Distal Intergenic","3587","IL10RA","interleukin 10 receptor subunit alpha",-15003
"chr2",38831340,38832762,1423,-0.685295603269233,0.538763297352704,0.0298811286627195,"Intron (ENST00000457308.6/90957, intron 13 of 23)","90957","DHX57","DExH-box helicase 57",-12232
"chr20",24981105,24982575,1471,-0.910864685825755,0.995090408148266,0.0299132241073726,"Intron (ENST00000451442.5/57136, intron 2 of 9)","57136","APMAP","adipocyte plasma membrane associated protein",10067
"chr14",100192344,100193769,1426,-1.23972415350193,1.7724587776286,0.0299142154289339,"Distal Intergenic","123099","DEGS2","delta 4-desaturase, sphingolipid 2",-32699
"chr15",45604012,45605097,1086,-1.0724800023239,0.936709156851087,0.0301326048361142,"Intron (ENST00000567740.5/26258, intron 1 of 2)","26258","BLOC1S6","biogenesis of lysosomal organelles complex 1 subunit 6",16187
"chr4",49286585,49288294,1710,-0.69132966595831,0.547455532146176,0.0301450437644954,"Distal Intergenic","80157","CWH43","cell wall biogenesis 43 C-terminal homolog",257893
"chrX",13078672,13079559,888,-0.722228444673099,0.959122522418066,0.0301490274364298,"Distal Intergenic","171484","FAM9C","family with sequence similarity 9 member C",-33990
"chr1",113779707,113780239,533,-0.860207139489968,0.843216145215849,0.0301718652935514,"Intron (ENST00000261441.9/54665, intron 2 of 6)","54665","RSBN1","round spermatid basic protein 1",-11673
"chr6",107755866,107757642,1777,-1.10567634377908,1.23297339167006,0.0301807548467368,"Intron (ENST00000369020.8/256380, intron 2 of 7)","256380","SCML4","Scm polycomb group protein like 4",-11812
"chr12",76158521,76159197,677,-0.964054481546055,0.840694182564576,0.0301936898123269,"Distal Intergenic","4673","NAP1L1","nucleosome assembly protein 1 like 1",-73786
"chr16_KI270853v1_alt",1618115,1619313,1199,-0.964080810281882,1.30944420171745,0.0302206453747048,"Intron (ENST00000622828.3/4363, intron 1 of 31)","4363","ABCC1","ATP binding cassette subfamily C member 1 (ABCC1 blood group)",10521
"chr5",50591922,50594840,2919,-1.07569532813873,1.140760680784,0.0302867558122717,"Distal Intergenic","79668","PARP8","poly(ADP-ribose) polymerase family member 8",-71059
"chr20",51422985,51425661,2677,-0.952898776386537,1.30042944455585,0.0303241578734988,"Intron (ENST00000396009.7/4773, intron 9 of 9)","4773","NFATC2","nuclear factor of activated T cells 2",-23766
"chr17",39820601,39822165,1565,-1.00836125717708,1.35660387802534,0.0303277138413743,"Intron (ENST00000346872.8/22806, intron 3 of 7)","22806","IKZF3","IKAROS family zinc finger 3",41961
"chr14",20613201,20614245,1045,-1.05615368406165,0.882691192121708,0.030327917839429,"Distal Intergenic","122651","RNASE11","ribonuclease A family member 11 (inactive)",-3317
"chr4",108049531,108051010,1480,-0.771003140460476,0.651356777303815,0.030606129069404,"Intron (ENST00000379951.6/51176, intron 9 of 9)","51176","LEF1","lymphoid enhancer binding factor 1",19885
"chr9",92711892,92713359,1468,-1.19321094101903,1.75565347197082,0.0306366990146097,"3' UTR","64768","IPPK","inositol-pentakisphosphate 2-kinase",-41761
"chr3",150384365,150386026,1662,-1.06311656165549,0.929760673270577,0.0306612441976796,"Distal Intergenic","9819","TSC22D2","TSC22 domain family member 2",-22272
"chr5",139709588,139711154,1567,-0.908587309395077,0.756604540350079,0.0306874693280455,"Intron (ENST00000515296.1/84249, intron 2 of 5)","84249","PSD2","pleckstrin and Sec7 domain containing 2",24943
"chr11_KI270831v1_alt",244842,246593,1752,-0.974286703587997,0.749774467798604,0.0307359233334516,"Intron (ENST00000612826.3/833, intron 17 of 22)","833","CARS1","cysteinyl-tRNA synthetase 1",-4251
"chr12",1993512,1995055,1544,-1.05578754656389,0.854856303770379,0.0307550511531289,"Intron (ENST00000682544.1/775, intron 1 of 49)","196513","DCP1B","decapping mRNA 1B",9372
"chr2",231603947,231605601,1655,-1.14367031191942,1.34694556446865,0.0308862451803709,"Distal Intergenic","165100","TEX44","testis expressed 44",11083
"chr17",5041873,5042733,861,-1.02654373612997,1.13857600693419,0.030910032169897,"Intron (ENST00000512825.7/55065, intron 1 of 3)","55065","SLC52A1","solute carrier family 52 member 1",-6441
"chr1",91684106,91685729,1624,-1.0206018981325,1.40732152388493,0.0309808519118409,"Intron (ENST00000533089.5/7049, intron 19 of 19)","7049","TGFBR3","transforming growth factor beta receptor 3",26634
"chr21",14520455,14521016,562,-1.43166628647407,1.86243139674214,0.0310011479429612,"Intron (ENST00000400566.6/64092, intron 2 of 7)","64092","SAMSN1","SAM domain, SH3 domain and nuclear localization signals 1",-19849
"chr11",117005856,117006707,852,-1.05304884195329,1.13322837486053,0.0310268210559262,"Intron (ENST00000445177.6/23387, intron 1 of 24)","23387","SIK3","SIK family kinase 3",-48792
"chr9",131678571,131679165,595,-0.778753284740678,0.890042465770896,0.0310960013282533,"Intron (ENST00000372189.7/2889, intron 1 of 23)","2889","RAPGEF1","Rap guanine nucleotide exchange factor 1",30677
"chrX",48667103,48668651,1549,-0.964271448654133,1.17432050839175,0.0311027526226237,"Distal Intergenic","7454","WAS","WASP actin nucleation promoting factor",-7945
"chr8",47398222,47399905,1684,-1.15112951888924,1.19980067528312,0.0311081461968471,"Intron (ENST00000541342.2/23514, intron 5 of 18)","23514","SPIDR","scaffold protein involved in DNA repair",-7956
"chr20",44611029,44611411,383,-0.934536968301739,0.689448516485323,0.0311813769423711,"Promoter (2-3kb)","11142","PKIG","cAMP-dependent protein kinase inhibitor gamma",-2897
"chr18",47953411,47954262,852,-1.13882057745223,1.36871194954952,0.0311889137706333,"Distal Intergenic","4087","SMAD2","SMAD family member 2",-22265
"chr10",124152257,124153974,1718,-1.03143197460841,1.24652796866101,0.0312184510232811,"Distal Intergenic","51363","CHST15","carbohydrate sulfotransferase 15",-58659
"chr2",205714121,205715452,1332,-1.10517706789785,0.991325498038902,0.031226197778425,"Intron (ENST00000360409.7/8828, intron 2 of 16)","8828","NRP2","neuropilin 2",-6813
"chrX",71782301,71783820,1520,-1.1365991334221,1.26105409790753,0.0312355911095715,"Distal Intergenic","100132994","CXorf49B","chromosome X open reading frame 49B",17113
"chr1_KI270763v1_alt",300156,301533,1378,-1.14011087236471,0.819846461241787,0.0312608273547611,"Intron (ENST00000622598.3/10806, intron 5 of 17)","10806","SDCCAG8","SHH signaling and ciliogenesis regulator SDCCAG8",-15288
"chr14",103118249,103119229,981,-0.855350618066004,1.0903135484677,0.0312663932877616,"Promoter (2-3kb)","7127","TNFAIP2","TNF alpha induced protein 2",-2247
"chr5",169663167,169663947,781,-1.0437234488271,0.861623914392566,0.031313943964528,"Intron (ENST00000520908.7/1794, intron 2 of 51)","1794","DOCK2","dedicator of cytokinesis 2",25840
"chr4",163596046,163596587,542,-0.947024941274832,0.736130680517104,0.0313182313704188,"Intron (ENST00000274056.11/55016, intron 3 of 5)","55016","MARCHF1","membrane associated ring-CH-type finger 1",16318
"chr11",118841149,118841989,841,-1.1214801236923,1.38319916415424,0.0313523837016587,"Distal Intergenic","643","CXCR5","C-X-C motif chemokine receptor 5",-41903
"chr17",64174326,64176268,1943,-1.02996126860489,1.51819596921018,0.0313772615052691,"Intron (ENST00000258991.7/55852, intron 6 of 11)","55852","TEX2","testis expressed 2",12186
"chr1",167472915,167475052,2138,-0.9253234379915,0.908008976424005,0.0313853171194045,"Intron (ENST00000700105.1/919, intron 1 of 7)","919","CD247","CD247 molecule",-16655
"chr14",68397279,68398647,1369,-1.05131515691298,1.50413116764599,0.0313945666704211,"Intron (ENST00000479335.5/5890, intron 9 of 11)","5890","RAD51B","RAD51 paralog B",10142
"chr17",59160387,59161143,757,-1.01877473900051,0.898322333431692,0.0315112362813088,"5' UTR","55771","PRR11","proline rich 11",4630
"chr20",44993579,44994023,445,-0.983858876028009,0.769802465875258,0.0315361154885441,"Intron (ENST00000372806.8/6789, intron 5 of 10)","6789","STK4","serine/threonine kinase 4",6445
"chr5",170262315,170262867,553,-0.938384509081719,0.995847743497425,0.0315511358579747,"Exon (ENST00000046794.10/3937, exon 12 of 21)","3937","LCP2","lymphocyte cytosolic protein 2",-3817
"chr17",35176524,35178293,1770,-1.08930379299604,1.25126069218729,0.031616878838685,"Exon (ENST00000394570.7/146862, exon 16 of 20)","146861","SLC35G3","solute carrier family 35 member G3",16100
"chr20",5834780,5837318,2539,-1.03994435915307,2.01775023231786,0.0317479152745793,"Intron (ENST00000303142.11/149840, intron 2 of 2)","1114","CHGB","chromogranin B",-74192
"chr21",45885866,45887195,1330,-1.05717818920625,1.28672590707851,0.0317941471041263,"Intron (ENST00000400314.5/54039, intron 3 of 15)","54039","PCBP3","poly(rC) binding protein 3",-6682
"chr5",175915198,175916560,1363,-1.22938834396394,1.0192509504841,0.0318124464949696,"Intron (ENST00000502813.1/ENST00000502813.1, intron 1 of 1)","10814","CPLX2","complexin 2",36992
"chr1",226711469,226712744,1276,-0.776134766795301,0.642934261147825,0.0318168030604667,"Intron (ENST00000272117.8/3707, intron 2 of 7)","3707","ITPKB","inositol-trisphosphate 3-kinase B",25085
"chr4",102687177,102688597,1421,-1.01797539990832,0.872541373292081,0.0318377733271222,"Intron (ENST00000647097.2/4126, intron 7 of 16)","4126","MANBA","mannosidase beta",34328
"chrX",71621692,71623709,2018,-0.750163556511757,0.622402890780177,0.0318488317166486,"Distal Intergenic","2833","CXCR3","C-X-C motif chemokine receptor 3",-3181
"chr1",113792278,113793313,1036,-1.01266157843119,1.94604623796129,0.031870493350446,"Intron (ENST00000261441.9/54665, intron 2 of 6)","54665","RSBN1","round spermatid basic protein 1",18976
"chr17",29808007,29808623,617,-1.05703663555262,0.895037710857131,0.0318912596656377,"Intron (ENST00000269033.7/85464, intron 1 of 14)","85464","SSH2","slingshot protein phosphatase 2",30519
"chr12",94640159,94641484,1326,-0.875030827759089,0.748313803906551,0.0319549968145991,"Intron (ENST00000261226.9/57458, intron 1 of 3)","57458","TMCC3","transmembrane and coiled-coil domain family 3",9073
"chr3",172698012,172699942,1931,-1.12920054055734,1.26833285368724,0.032036143770789,"Intron (ENST00000475381.7/57552, intron 1 of 4)","57552","NCEH1","neutral cholesterol ester hydrolase 1",11110
"chr4",2922069,2923932,1864,-1.07992361188548,1.2287499338376,0.0320554998256604,"Promoter (2-3kb)","118","ADD1","adducin 1",-2377
"chrX",30627292,30628695,1404,-1.14950144273592,1.03131142863311,0.0321982007538199,"Distal Intergenic","2710","GK","glycerol kinase",-24664
"chr8",27368412,27369561,1150,-0.484122948269338,0.371386863995428,0.0322355612736436,"Intron (ENST00000397501.5/2185, intron 6 of 35)","2185","PTK2B","protein tyrosine kinase 2 beta",-11090
"chr9",78021100,78022332,1233,-1.03619153465919,0.861834534673435,0.0322743783202688,"Intron (ENST00000286548.9/2776, intron 1 of 6)","2776","GNAQ","G protein subunit alpha q",8272
"chr10",13106588,13108350,1763,-0.863245909467224,1.24400774562496,0.0322949534339958,"5' UTR","10133","OPTN","optineurin",-4137
"chr7",50349470,50351014,1545,-0.757947222862257,0.917066608446149,0.0323093425640574,"Intron (ENST00000698573.1/10320, intron 3 of 4)","10320","IKZF1","IKAROS family zinc finger 1",-16651
"chr5",143003928,143004898,971,-0.662942417755209,0.951250418512496,0.0323171901930709,"Intron (ENST00000645722.2/23092, intron 11 of 22)","23092","ARHGAP26","Rho GTPase activating protein 26",-5838
"chr8",41589732,41591330,1599,-1.06943786201023,1.31086184318699,0.0323173899431191,"Intron (ENST00000521184.1/137964, intron 1 of 1)","137964","GPAT4","glycerol-3-phosphate acyltransferase 4",4960
"chr9",137639519,137640655,1137,-1.04302517680183,0.774301133796114,0.0323238681170085,"Intron (ENST00000637510.1/92714, intron 1 of 1)","79813","EHMT1","euchromatic histone lysine methyltransferase 1",-5722
"chr11",88301110,88302434,1325,-1.00915100636909,0.805021003403065,0.0323642209328993,"Intron (ENST00000678554.1/1075, intron 4 of 7)","1075","CTSC","cathepsin C",6929
"chr6",26171441,26173537,2097,-0.273035073034906,2.57108634760225,0.0323880925593572,"5' UTR","8344","H2BC6","H2B clustered histone 6",-10224
"chr12",11684774,11685398,625,-1.08082736348131,0.908454627651256,0.032429266942192,"Intron (ENST00000396373.9/2120, intron 1 of 7)","2120","ETV6","ETS variant transcription factor 6",34763
"chr2",238032597,238033741,1145,-0.892134528677777,0.720135610727327,0.0326390786664296,"Promoter (1-2kb)","140739","UBE2F","ubiquitin conjugating enzyme E2 F (putative)",-1388
"chr4",142695896,142697360,1465,-0.43150118983605,2.28172727179011,0.0327539043484325,"Intron (ENST00000513000.5/8821, intron 2 of 26)","8821","INPP4B","inositol polyphosphate-4-phosphatase type II B",69459
"chr3",53102223,53104565,2343,-1.05496693236794,0.908094629901973,0.0328396432925795,"Promoter (2-3kb)","91869","RFT1","RFT1 homolog",-2770
"chr2",113123965,113125058,1094,-0.726221533435842,0.591389611167573,0.032927933894002,"Promoter (2-3kb)","3557","IL1RN","interleukin 1 receptor antagonist",-2425
"chr6",158704010,158705447,1438,-0.849938605731541,0.755845355750863,0.032960055651262,"Intron (ENST00000360448.8/94120, intron 7 of 18)","94120","SYTL3","synaptotagmin like 3",53956
"chr16",50708264,50710053,1790,-1.15304711289227,1.25873952658862,0.0329607451192763,"Promoter (2-3kb)","64127","NOD2","nucleotide binding oligomerization domain containing 2",-2141
"chr3",53072236,53073776,1541,-0.931204907044897,1.24186608071281,0.0329956596700809,"Intron (ENST00000607495.5/91869, intron 3 of 5)","51460","SFMBT1","Scm like with four mbt domains 1",-25486
"chr6",108621381,108623539,2159,-1.04635572053182,1.30084185395449,0.0330225014681877,"Intron (ENST00000343882.10/2309, intron 2 of 3)","2309","FOXO3","forkhead box O3",-32807
"chr14",92385632,92387815,2184,-0.887025604830959,1.18327421746567,0.0330302689727498,"Intron (ENST00000393265.6/123041, intron 2 of 16)","123041","SLC24A4","solute carrier family 24 member 4",-20564
"chr16",90082142,90083005,864,-1.08424005688585,0.865136916098089,0.0330610128740459,"Intron (ENST00000569206.1/11105, intron 3 of 3)","11105","PRDM7","PR/SET domain 7",-4811
"chr8",11885864,11888942,3079,-0.779696999431824,1.43280435953257,0.0330645773158964,"Distal Intergenic","1508","CTSB","cathepsin B",-16331
"chr19_KI270867v1_alt",135075,136656,1582,-0.967572737533319,1.3155273024909,0.0330846241402038,"Promoter (2-3kb)","90273","CEACAM21","CEA cell adhesion molecule 21",-2592
"chr15",60548144,60548953,810,-0.823951074495256,0.668383665313696,0.0331955081376771,"Intron (ENST00000559824.5/101928784, intron 3 of 5)","6095","RORA","RAR related orphan receptor A",-36047
"chr1",111192268,111193779,1512,-0.677089562607767,1.22295539461143,0.0331979007890959,"Promoter (2-3kb)","79961","DENND2D","DENN domain containing 2D",-2940
"chr12",124927180,124928640,1461,-0.945791794405969,1.12742454677003,0.033275913055166,"Distal Intergenic","7316","UBC","ubiquitin C",-9812
"chr1",33126914,33128428,1515,-1.07297522490579,1.56508716211715,0.0332830310843332,"Distal Intergenic","113451","AZIN2","antizyme inhibitor 2",32270
"chr14",69643507,69645368,1862,-0.87702455439197,0.802668479506608,0.0333029138522131,"Intron (ENST00000342745.5/9766, intron 1 of 5)","9766","SUSD6","sushi domain containing 6",-13142
"chr20",36594727,36596450,1724,-1.10956153801608,1.66017412567986,0.0333231428093492,"Intron (ENST00000558530.1/100527943, intron 2 of 4)","55969","RAB5IF","RAB5 interacting factor",-9329
"chr8",55884876,55886732,1857,-0.861769518652707,1.1953774955081,0.0334002459740958,"Intron (ENST00000520220.6/4067, intron 1 of 12)","4067","LYN","LYN proto-oncogene, Src family tyrosine kinase",5041
"chr6_GL000255v2_alt",3821289,3822454,1166,-1.35309399843821,1.69451328136716,0.0334856564758209,"Distal Intergenic","3123","HLA-DRB1","major histocompatibility complex, class II, DR beta 1",-11668
"chr11",128472082,128472884,803,-0.709999400739621,0.832052449726878,0.0335114626349876,"Intron (ENST00000535549.5/2113, intron 2 of 3)","2113","ETS1","ETS proto-oncogene 1, transcription factor",-8132
"chr11",128496478,128497961,1484,-0.571110789922103,0.447581379689648,0.0335640545711546,"Intron (ENST00000535549.5/2113, intron 1 of 3)","2113","ETS1","ETS proto-oncogene 1, transcription factor",7433
"chr15",65776775,65778036,1262,-0.93792952605708,0.762226294842177,0.0336191719823832,"Intron (ENST00000569304.1/8766, intron 2 of 2)","10260","DENND4A","DENN domain containing 4A",14088
"chr5",180873174,180874460,1287,-0.865560241458942,1.84212887900419,0.0336629180225076,"Distal Intergenic","643836","ZFP62","ZFP62 zinc finger protein",-11889
"chr2",37389954,37391412,1459,-1.05750295448655,1.37751038409049,0.0336663433340328,"Distal Intergenic","25797","QPCT","glutaminyl-peptide cyclotransferase",21673
"chr11",9417427,9418401,975,-1.29670744656788,1.10572395429122,0.0336999813636483,"Promoter (1-2kb)","10527","IPO7","importin 7",-1878
"chr19",54506930,54507789,860,-1.25441190439131,1.06397230880102,0.0337720823363676,"Intron (ENST00000412608.5/3904, intron 2 of 2)","3904","LAIR2","leukocyte associated immunoglobulin like receptor 2",4023
"chr17",49695641,49696980,1340,-0.985260642623891,1.14599574464448,0.0337816662262446,"Distal Intergenic","10237","SLC35B1","solute carrier family 35 member B1",6158
"chr21",29002345,29003585,1241,-0.436641187546241,2.62871522800545,0.0337874726896116,"Distal Intergenic","26046","LTN1","listerin E3 ubiquitin protein ligase 1",-9389
"chr5",97008450,97009406,957,-0.968264396697097,0.811032377209262,0.0338246527351749,"Intron (ENST00000231368.10/4012, intron 11 of 17)","4012","LNPEP","leucyl and cystinyl aminopeptidase",12072
"chr14",77658999,77660959,1961,-1.01576325788544,1.57968905811965,0.0338564667911611,"Distal Intergenic","9517","SPTLC2","serine palmitoyltransferase long chain base subunit 2",-42362
"chr11",18276911,18278591,1681,-0.912339438913036,0.739802624779974,0.0339551128175951,"Distal Intergenic","11234","HPS5","HPS5 biogenesis of lysosomal organelles complex 2 subunit 2",8323
"chr1",145015629,145017874,2246,-0.907486827769002,0.667441861396948,0.0339848896220517,"Intron (ENST00000612199.4/647135, intron 2 of 9)","647135","SRGAP2B","SLIT-ROBO Rho GTPase activating protein 2B",-60183
"chr19",6778177,6779263,1087,-0.754426217005506,0.69138307943855,0.0339893661434232,"Intron (ENST00000602142.6/7409, intron 1 of 26)","7409","VAV1","vav guanine nucleotide exchange factor 1",-4855
"chr1",156505518,156506114,597,-0.634679094479412,0.488767739272501,0.0340177540076012,"Distal Intergenic","4209","MEF2D","myocyte enhancer factor 2D",-4739
"chr6",16700068,16701418,1351,-0.894109484399807,1.60011646423416,0.0340207697427713,"Intron (ENST00000244769.8/6310, intron 3 of 8)","6310","ATXN1","ataxin 1",48674
"chr15",64104749,64105443,695,-1.06496545466259,0.86930538553562,0.0340215458156369,"Intron (ENST00000560829.5/6642, intron 1 of 13)","6642","SNX1","sorting nexin 1",8718
"chr22",42538951,42539987,1037,-1.01770683678749,0.904669219553196,0.0340522585998481,"Distal Intergenic","253190","SERHL2","serine hydrolase like 2",-13630
"chr3",56921517,56922304,788,-0.894784672906143,0.744818042383508,0.0340755339055479,"Intron (ENST00000338458.8/50650, intron 3 of 12)","50650","ARHGEF3","Rho guanine nucleotide exchange factor 3",-5046
"chr5",67221631,67222498,868,-1.24165787430049,1.65043316577445,0.0340869766007633,"Distal Intergenic","4064","CD180","CD180 molecule",-24832
"chr14",63478507,63479452,946,-0.976858472303433,0.804115783044414,0.0340876573637156,"Exon (ENST00000516991.1/ENST00000516991.1, exon 1 of 1)","5529","PPP2R5E","protein phosphatase 2 regulatory subunit B'epsilon",-24731
"chr19",42184293,42185953,1661,-0.952458790823024,0.884220523056827,0.0341391669609564,"Intron (ENST00000532176.2/5452, intron 1 of 5)","5452","POU2F2","POU class 2 homeobox 2",-6968
"chr11",128492902,128493704,803,-0.73323816244817,0.958811207695627,0.0341651278385997,"Intron (ENST00000535549.5/2113, intron 1 of 3)","2113","ETS1","ETS proto-oncogene 1, transcription factor",11690
"chr2",143176574,143177764,1191,-0.947283361484728,2.72219543952978,0.0341755487277848,"Intron (ENST00000409869.5/55843, intron 3 of 6)","55843","ARHGAP15","Rho GTPase activating protein 15",-15620
"chr1",248872949,248874622,1674,-1.02977302415082,1.98331664552307,0.0341815593486789,"Distal Intergenic","55657","ZNF692","zinc finger protein 692",-13805
"chr17",1120677,1121747,1071,-1.20316128389555,1.00186876767188,0.0342236620897431,"Intron (ENST00000302538.10/29, intron 2 of 22)","29","ABR","ABR activator of RhoGEF and GTPase",4008
"chr9",75141894,75143151,1258,-0.8459618068166,0.680908950117371,0.0342521994224454,"Intron (ENST00000346234.7/26578, intron 9 of 9)","26578","OSTF1","osteoclast stimulating factor 1",53380
"chr20",17504372,17507042,2671,-0.993528120037004,1.32743691565127,0.0343849862279286,"Exon (ENST00000492424.1/631, exon 4 of 4)","631","BFSP1","beaded filament structural protein 1",7699
"chr21",38309177,38311630,2454,-1.00909697541166,0.801791961904065,0.0344020394356128,"Distal Intergenic","3772","KCNJ15","potassium inwardly rectifying channel subfamily J member 15",12251
"chr19",1192032,1193554,1523,-1.02538177237633,1.22955320226098,0.0344177772733774,"Intron (ENST00000585748.3/6794, intron 3 of 11)","6794","STK11","serine/threonine kinase 11",-12224
"chr1",146323180,146324272,1093,-1.25200851735218,1.36485344332097,0.0344609469402972,"Intron (ENST00000643391.1/112268274, intron 4 of 4)","105371242","PPIAL4H","peptidylprolyl isomerase A like 4H",20493
"chr15_KI270905v1_alt",1364013,1365732,1720,-1.08325536196044,0.878131382844947,0.0344957587279877,"Intron (ENST00000633212.1/321, intron 5 of 10)","321","APBA2","amyloid beta precursor protein binding family A member 2",18314
"chr17",1722663,1723383,721,-1.03070516102116,0.829609117823046,0.0344972941872465,"Promoter (1-2kb)","124997","WDR81","WD repeat domain 81",-1157
"chr2",24613238,24614032,795,-1.20065704117344,1.12154570488374,0.034500608877141,"Intron (ENST00000348332.8/8648, intron 3 of 22)","8648","NCOA1","nuclear receptor coactivator 1",28697
"chr6",69815943,69816752,810,-0.921282499955338,0.7157046547833,0.0345129976125755,"Intron (ENST00000647934.1/55788, intron 3 of 17)","55788","LMBRD1","LMBR1 domain containing 1",18871
"chr2",54571015,54571523,509,-0.475202935390682,0.376506895687314,0.0345391276651653,"Intron (ENST00000615901.4/6711, intron 2 of 37)","6711","SPTBN1","spectrin beta, non-erythrocytic 1",12621
"chr15",31352321,31354081,1761,-0.884512713423459,1.17968987207099,0.03454033697817,"Intron (ENST00000307145.4/51621, intron 1 of 1)","51621","KLF13","KLF transcription factor 13",-12073
"chr1",11951966,11953000,1035,-0.864864907740907,1.07555940206272,0.0346876086620149,"Promoter (1-2kb)","5351","PLOD1","procollagen-lysine,2-oxoglutarate 5-dioxygenase 1",-1301
"chr2",48350190,48350745,556,-1.00386180096923,1.0154870808645,0.0347725442128287,"Intron (ENST00000413569.5/3344, intron 2 of 4)","3344","FOXN2","forkhead box N2",35508
"chr3",187130034,187131635,1602,-1.33894012942181,2.56588009582741,0.0348323410822172,"Intron (ENST00000455270.5/116832, intron 1 of 1)","116832","RPL39L","ribosomal protein L39 like",7849
"chr16",327156,328226,1071,-0.857317162360979,0.817374015647946,0.034851473812717,"Intron (ENST00000461023.5/8312, intron 1 of 7)","8312","AXIN1","axin 1",18096
"chrX",65696881,65697659,779,-0.576829468508377,0.461186388696298,0.0349270346516713,"Intron (ENST00000609672.5/4478, intron 1 of 3)","4478","MSN","moesin",28626
"chr5",100666921,100668311,1391,-1.27464008679808,1.04699699668357,0.0349289610472331,"Distal Intergenic","345757","FAM174A","family with sequence similarity 174 member A",104869
"chr6",15426886,15427995,1110,-0.976660485037082,0.829858112313182,0.0349790625763869,"Intron (ENST00000341776.7/3720, intron 3 of 17)","3720","JARID2","jumonji and AT-rich interaction domain containing 2",-73363
"chr10",22690852,22692704,1853,-0.792946852737842,0.855097056841352,0.0349952491369133,"Exon (ENST00000605011.1/ENST00000605011.1, exon 1 of 5)","5305","PIP4K2A","phosphatidylinositol-5-phosphate 4-kinase type 2 alpha",21404
"chr1",145977728,145978400,673,-0.786211829577881,1.03063421303498,0.0349979752853722,"Exon (ENST00000625258.1/84265, exon 4 of 4)","84265","POLR3GL","RNA polymerase III subunit GL",13012
"chr8",124627822,124628615,794,-1.00062613073694,0.737699760048867,0.0350529523056013,"Intron (ENST00000518547.6/9788, intron 3 of 13)","9788","MTSS1","MTSS I-BAR domain containing 1",-8343
"chr12",54306975,54307947,973,-0.883201976197741,1.0482185804327,0.0351173143217175,"Intron (ENST00000553061.1/ENST00000553061.1, intron 1 of 1)","22818","COPZ1","COPI coat complex subunit zeta 1",5755
"chr21",7260800,7261551,752,-1.01276471380181,0.811372839525086,0.0351252576468281,"Distal Intergenic","102724951","LINC03105","long intergenic non-protein coding RNA 3105",-169108
"chr17",72976684,72978327,1644,-0.91155473043267,0.789132939069607,0.0351598922939664,"Intron (ENST00000255559.8/201266, intron 4 of 9)","201266","SLC39A11","solute carrier family 39 member 11",14605
"chr16",22356974,22358456,1483,-1.15654941569222,1.52764490240996,0.0352980210201378,"Intron (ENST00000268383.7/1039, intron 2 of 4)","1039","CDR2","cerebellar degeneration related protein 2",-7201
"chr17",35521224,35522114,891,-1.02046043468111,1.39541097817834,0.035301732817789,"Intron (ENST00000628453.4/100506736, intron 2 of 4)","100506736","SLFN12L","schlafen family member 12 like",15564
"chr20",33624475,33625880,1406,-1.00500615534555,1.43597646454953,0.035302271902793,"Exon (ENST00000342704.11/9139, exon 6 of 11)","9139","CBFA2T2","CBFA2/RUNX1 partner transcriptional co-repressor 2",4910
"chr15",60568197,60568810,614,-0.910023351486089,0.730087790754185,0.0353651898342848,"Intron (ENST00000559824.5/101928784, intron 3 of 5)","6095","RORA","RAR related orphan receptor A",23707
"chr10",63254547,63255296,750,1.03404409937858,0.778858147440721,0.0353984724421291,"Intron (ENST00000399262.7/221037, intron 3 of 25)","221037","JMJD1C","jumonji domain containing 1C",13579
"chr5",14586885,14589007,2123,-0.791502722297693,0.671275125402695,0.0354578901509575,"Intron (ENST00000274217.4/54491, intron 1 of 7)","54491","OTULINL","OTU deubiquitinase with linear linkage specificity like",5093
"chr8",25234820,25236124,1305,-0.971289208518005,0.821393101864683,0.0355441802592707,"Intron (ENST00000276440.12/80005, intron 1 of 51)","80005","DOCK5","dedicator of cytokinesis 5",50048
"chr16",17377165,17378067,903,-0.93684116102188,1.26026388375357,0.0356069997545209,"Intron (ENST00000261381.7/64131, intron 1 of 11)","64131","XYLT1","xylosyltransferase 1",-7440
"chr8",37890588,37891408,821,-0.797201695963316,0.645661348264478,0.0356112588078492,"Intron (ENST00000287263.8/80223, intron 1 of 4)","80223","RAB11FIP1","RAB11 family interacting protein 1",8046
"chr2",195649784,195651691,1908,-1.08674449778175,1.91027487812189,0.0356529551050322,"Intron (ENST00000458054.1/57181, intron 2 of 2)","57181","SLC39A10","solute carrier family 39 member 10",-5056
"chr9",20944,22350,1407,-0.817149410782903,1.27096728561875,0.0357346819159233,"Intron (ENST00000442898.5/100287171, intron 2 of 10)","100287171","WASHC1","WASH complex subunit 1",7106
"chr2",55150643,55154497,3855,-0.951388152651372,1.38681923480185,0.0357772574661204,"Distal Intergenic","57142","RTN4","reticulon 4",-38022
"chr3",112670790,112673167,2378,-1.07632540591048,1.12349639089148,0.0357783381830275,"Distal Intergenic","151887","CCDC80","coiled-coil domain containing 80",-21343
"chrX",44252767,44254364,1598,-1.0729586782014,2.17213175269537,0.0358265859161387,"Intron (ENST00000420999.2/80258, intron 4 of 14)","80258","EFHC2","EF-hand domain containing 2",-27011
"chr7",150614303,150615665,1363,-0.867873494377891,1.32634008731613,0.0358711791002785,"Exon (ENST00000491593.1/ENST00000491593.1, exon 1 of 1)","474344","GIMAP6","GTPase, IMAP family member 6",16681
"chr17_KI270908v1_alt",151662,153153,1492,-1.17686735122909,1.34407468183392,0.0358765076393231,"Promoter (1-2kb)","9842","PLEKHM1","pleckstrin homology and RUN domain containing M1",-1072
"chr3",46298755,46302092,3338,-0.756339825412659,1.52755407679096,0.0359085077593866,"Distal Intergenic","1232","CCR3","C-C motif chemokine receptor 3",35365
"chr9",137722362,137724245,1884,-0.916287724093493,1.36811388199403,0.0359347933711926,"Intron (ENST00000462484.5/79813, intron 3 of 15)","79813","EHMT1","euchromatic histone lysine methyltransferase 1",5435
"chr3",44954662,44955315,654,-1.18092512921624,1.09070499545636,0.0359919839464765,"Intron (ENST00000339420.7/51304, intron 2 of 6)","51304","ZDHHC3","zinc finger DHHC-type palmitoyltransferase 3",4117
"chr20",59252875,59254615,1741,-1.13402786978843,1.64919218192517,0.0360656828402726,"Exon (ENST00000637017.1/128611, exon 7 of 8)","1908","EDN3","endothelin 3",-45828
"chr22",43995283,43996746,1464,-0.855065622141979,1.050327735324,0.0361039703264872,"Promoter (2-3kb)","29780","PARVB","parvin beta",-2465
"chr12",89345746,89346989,1244,-0.750410583626533,0.583677670362534,0.0361204183355639,"Distal Intergenic","1848","DUSP6","dual specificity phosphatase 6",4182
"chr19",17109409,17110831,1423,-0.810775263711638,1.07989064658614,0.0361577141020204,"Intron (ENST00000682292.1/4650, intron 2 of 39)","4650","MYO9B","myosin IXB",7227
"chr1",148625498,148627263,1766,-1.16165052054947,1.5651678228416,0.0361751620480044,"Intron (ENST00000606877.2/100996763, intron 2 of 7)","25832","NBPF14","NBPF member 14",-29487
"chr17_KI270909v1_alt",225080,226442,1363,-1.03236664156822,1.12028390407234,0.0362114123423832,"Distal Intergenic","101060321","TBC1D3G","TBC1 domain family member 3G",-6305
"chr6",167046706,167048594,1889,-0.929451806351052,1.47335900120936,0.0362330532633136,"3' UTR","11116","CEP43","centrosomal protein 43",14980
"chr20",49831332,49833205,1874,-0.894680195119249,0.702781947090915,0.0362575486363235,"Intron (ENST00000417961.5/23315, intron 3 of 15)","23315","SLC9A8","solute carrier family 9 member A8",18438
"chr13",49257427,49258758,1332,-1.03674666773964,1.66531190827072,0.0362805461313111,"Intron (ENST00000251108.10/81602, intron 3 of 9)","81602","CDADC1","cytidine and dCMP deaminase domain containing 1",9379
"chr5",16455810,16456659,850,-0.858652191350943,0.786440201094658,0.0363041170854888,"Intron (ENST00000308683.3/90441, intron 4 of 5)","90441","ZNF622","zinc finger protein 622",9141
"chr12",128771971,128773002,1032,-1.13549876257362,0.990036100762735,0.0363519986852149,"Distal Intergenic","121260","SLC15A4","solute carrier family 15 member 4",28699
"chr17",39772552,39773417,866,-0.874710787344497,1.16437349492117,0.0363639787956364,"Intron (ENST00000346872.8/22806, intron 7 of 7)","22806","IKZF3","IKAROS family zinc finger 3",4808
"chr4",190021695,190022774,1080,-0.16400302568944,3.13508361300478,0.0364189063130941,"Exon (ENST00000449051.3/ENST00000449051.3, exon 1 of 1)","448831","FRG2","FSHD region gene 2",4482
"chr18",8622753,8624239,1487,-0.913135596632104,1.55768869513111,0.0364638998485594,"Intron (ENST00000649141.2/201475, intron 1 of 5)","201475","RAB12","RAB12, member RAS oncogene family",-8620
"chr3",133441512,133442576,1065,-1.33582477690022,1.66374322684266,0.0364836223840848,"Intron (ENST00000302334.3/8419, intron 1 of 6)","8419","BFSP2","beaded filament structural protein 2",-6490
"chr12",31746153,31747602,1450,-0.919960040386127,1.64051417051395,0.0365624754900626,"Distal Intergenic","196394","AMN1","antagonist of mitotic exit network 1 homolog",-17032
"chr20",36969181,36970170,990,-1.01319122263575,1.33511091015459,0.0365795376410512,"Distal Intergenic","25939","SAMHD1","SAM and HD domain containing deoxynucleoside triphosphate triphosphohydrolase 1",-17288
"chr20",62132375,62134976,2602,-0.749070370661693,0.67843567014529,0.0366778753276073,"3' UTR","5688","PSMA7","proteasome 20S subunit alpha 7",4420
"chr6",17891544,17893047,1504,-1.02018203414534,0.766393996721818,0.0366840535285284,"Intron (ENST00000378814.9/63971, intron 3 of 37)","63971","KIF13A","kinesin family member 13A",-74344
"chr5",67165313,67167299,1987,-0.398918861794051,2.10774095398665,0.0367204931463769,"3' UTR","4064","CD180","CD180 molecule",18998
"chrX",54776781,54777460,680,-0.981668681276452,0.770054950664198,0.0367225460415337,"Intron (ENST00000218436.7/347365, intron 5 of 12)","347365","ITIH6","inter-alpha-trypsin inhibitor heavy chain family member 6",11148
"chr9",89466648,89467393,746,-0.632379277722569,0.678753374273122,0.0367575072226936,"Intron (ENST00000339861.8/10507, intron 1 of 18)","10507","SEMA4D","semaphorin 4D",-10695
"chr10",96645208,96646209,1002,-0.934762853017579,1.4014971805253,0.0368572695869209,"Exon (ENST00000339364.10/118788, exon 8 of 17)","118788","PIK3AP1","phosphoinositide-3-kinase adaptor protein 1",-11967
"chr1",234498816,234500703,1888,-1.15331413857113,1.76538002148158,0.0368708164767599,"Distal Intergenic","6894","TARBP1","TAR (HIV-1) RNA binding protein 1",-19637
"chr14",93044584,93045567,984,-1.00860810631137,0.913122224818079,0.0369034445395797,"Intron (ENST00000354313.7/3705, intron 3 of 10)","3705","ITPK1","inositol-tetrakisphosphate 1-kinase",-7610
"chr16",27491287,27492903,1617,-1.06412873785908,1.13223214627217,0.0369433361671347,"Promoter (2-3kb)","2975","GTF3C1","general transcription factor IIIC subunit 1",-2164
"chr9",136066602,136068562,1961,-1.07314573623304,1.67835337113727,0.0369777234580165,"Intron (ENST00000277554.4/138151, intron 1 of 5)","138151","NACC2","NACC family member 2",-16022
"chr1_GL383520v2_alt",305662,307003,1342,-0.808886873709268,0.787938976718916,0.0370119188513257,"Intron (ENST00000573298.5/5788, intron 2 of 6)","5788","PTPRC","protein tyrosine phosphatase receptor type C",24969
"chr14",91390267,91391107,841,-0.559694601804986,0.436929923977896,0.0370732486476963,"Intron (ENST00000389857.11/440193, intron 3 of 29)","440193","CCDC88C","coiled-coil domain containing 88C",17651
"chr4",73085223,73086822,1600,-1.0285926598062,0.880834572872102,0.037073600969993,"Exon (ENST00000358602.9/26057, exon 30 of 34)","26057","ANKRD17","ankyrin repeat domain 17",-4413
"chr3",46930287,46932613,2327,-0.659899661949076,0.700880757478009,0.0370785954367318,"Intron (ENST00000425441.5/151903, intron 4 of 8)","5745","PTH1R","parathyroid hormone 1 receptor",27688
"chr18",2589534,2591203,1670,-0.335440710390643,2.83757973044157,0.0371023872897338,"Exon (ENST00000261597.9/10403, exon 10 of 17)","10403","NDC80","NDC80 kinetochore complex component",11411
"chr7",24965624,24966723,1100,-1.19872668350872,1.61163642725195,0.0372649341848846,"Intron (ENST00000313367.7/26031, intron 1 of 22)","26031","OSBPL3","oxysterol binding protein like 3",13455
"chr2",151297270,151298144,875,-1.25334961993483,1.14698661242001,0.0372981430688752,"Distal Intergenic","9111","NMI","N-myc and STAT interactor",-7376
"chr19",16446557,16447819,1263,-0.659982408158522,0.558474668721231,0.0373262206319733,"Intron (ENST00000602022.5/58513, intron 1 of 22)","58513","EPS15L1","epidermal growth factor receptor pathway substrate 15 like 1",-11261
"chr1",111647730,111649001,1272,-0.831924956459117,0.663133106593187,0.0373977744481668,"Exon (ENST00000443599.2/ENST00000443599.2, exon 1 of 1)","5906","RAP1A","RAP1A, member of RAS oncogene family",20261
"chr15",81023162,81024767,1606,-1.12341868054244,1.72350556605597,0.0374000859818289,"Intron (ENST00000560091.5/161502, intron 1 of 4)","161502","CFAP161","cilia and flagella associated protein 161",16129
"chr15",75068986,75070191,1206,-0.860883139308806,1.05180482578441,0.0374129414172734,"Intron (ENST00000563298.1/ENST00000563298.1, intron 2 of 2)","60490","PPCDC","phosphopantothenoylcysteine decarboxylase",25700
"chr17",8915766,8917104,1339,-1.05920085435827,1.47580705748267,0.037423522150567,"Exon (ENST00000583222.1/23533, exon 2 of 2)","23533","PIK3R5","phosphoinositide-3-kinase regulatory subunit 5",-3249
"chr15_KI270849v1_alt",107259,108109,851,-0.772421954743545,2.67682670344172,0.0374837294789441,"Distal Intergenic","140691","TRIM69","tripartite motif containing 69",25104
"chr6",159978378,159979633,1256,-0.790818804440169,0.630557602701865,0.0374867672838507,"Intron (ENST00000356956.6/3482, intron 1 of 47)","3482","IGF2R","insulin like growth factor 2 receptor",9296
"chr4",73730637,73733200,2564,-1.12503563492957,1.46951108825631,0.0375144351277768,"Distal Intergenic","3576","CXCL8","C-X-C motif chemokine ligand 8",-7319
"chr18",77140102,77141309,1208,-1.03953555279297,1.22266733479017,0.0375209044098751,"Distal Intergenic","4155","MBP","myelin basic protein",-6419
"chr16",122830,125017,2188,-0.860960229780077,0.68995694729926,0.0375782912577685,"5' UTR","8131","NPRL3","NPR3 like, GATOR1 complex subunit",-3425
"chr10",29658531,29660147,1617,-1.17289625583103,1.72400070835256,0.0376362859144266,"Intron (ENST00000375400.7/6840, intron 2 of 35)","6840","SVIL","supervillin",-11276
"chr9",120735957,120736954,998,-0.909208341024974,0.958289354637959,0.0376435950890854,"Distal Intergenic","1955","MEGF9","multiple EGF like domains 9",-21487
"chrY",1248554,1250034,1481,-0.976413357007339,1.92923637676365,0.0376636663010664,"Distal Intergenic","1438","CSF2RA","colony stimulating factor 2 receptor subunit alpha",-18766
"chr22",37162065,37164765,2701,-0.804726304537736,1.18510755072678,0.0376642971161648,"Intron (ENST00000445595.2/3560, intron 1 of 10)","3560","IL2RB","interleukin 2 receptor subunit beta",10289
"chr6",111764721,111765580,860,-0.570986053598082,0.654240651447781,0.0377449594844647,"Intron (ENST00000354650.7/2534, intron 3 of 13)","2534","FYN","FYN proto-oncogene, Src family tyrosine kinase",-4796
"chr19_GL949753v2_alt",184507,185386,880,-0.923061588759424,0.784730835058249,0.0377489323377956,"Distal Intergenic","6203","RPS9","ribosomal protein S9",8667
"chr8",67540237,67541354,1118,-1.23750809042117,1.49500729114612,0.0377655315562816,"Intron (ENST00000297770.10/57094, intron 2 of 10)","57094","CPA6","carboxypeptidase A6",-87587
"chr9",107976378,107977314,937,-0.941854656056709,0.868918494811451,0.0377677129074092,"Distal Intergenic","9314","KLF4","KLF transcription factor 4",-485896
"chr9",130006173,130008370,2198,-0.791223975232287,1.31208658212574,0.0377681832517434,"Intron (ENST00000703558.1/23048, intron 1 of 16)","23048","FNBP1","formin binding protein 1",-11238
"chr21",38244345,38245444,1100,-1.01589399245129,0.842514268962415,0.037830835500827,"Intron (ENST00000549158.5/3772, intron 2 of 5)","3772","KCNJ15","potassium inwardly rectifying channel subfamily J member 15",-11254
"chr5",131393456,131394092,637,-0.648424020682784,0.685386791624549,0.0379142255486226,"3' UTR","56990","CDC42SE2","CDC42 small effector 2",7850
"chr8",30112456,30114590,2135,-0.849238126311201,0.743163379834859,0.0379458342169123,"Intron (ENST00000520682.5/23484, intron 3 of 3)","23484","LEPROTL1","leptin receptor overlapping transcript like 1",10516
"chr1",31981694,31982836,1143,-0.675678438929245,0.59193509449878,0.0379542233160414,"Intron (ENST00000641788.1/ENST00000641788.1, intron 1 of 1)","10657","KHDRBS1","KH RNA binding domain containing, signal transduction associated 1",-31032
"chrX",130091695,130092651,957,-0.733473122195862,0.746302582899917,0.0379889815992488,"Intron (ENST00000308167.10/2000, intron 1 of 8)","2000","ELF4","E74 like ETS transcription factor 4",17710
"chr7",24785862,24787187,1326,-1.07430292736214,0.989295508049462,0.0380781316412919,"Intron (ENST00000666237.1/1687, intron 1 of 2)","1687","GSDME","gasdermin E",8309
"chr1",28139607,28140272,666,-0.846578784670139,0.687450610617838,0.0381016020570957,"Distal Intergenic","5724","PTAFR","platelet activating factor receptor",36418
"chr2",152420535,152422718,2184,-1.06220030485175,1.55358023745315,0.0381255974901607,"Intron (ENST00000288670.14/114793, intron 1 of 25)","114793","FMNL2","formin like 2",85085
"chr9",89464287,89465330,1044,-0.740513535249144,0.734760950679119,0.0381471910446699,"Intron (ENST00000339861.8/10507, intron 1 of 18)","10507","SEMA4D","semaphorin 4D",-8334
"chr6",24968322,24969857,1536,-0.997614556014594,1.06285038559746,0.0381573357271545,"Intron (ENST00000510784.8/9750, intron 1 of 13)","9750","RIPOR2","RHO family interacting cell polarization regulator 2",-32270
"chr16",29008174,29009886,1713,-0.728668212816061,0.532641040235422,0.0381792479388348,"Distal Intergenic","27040","LAT","linker for activation of T cells",18597
"chr9",85722740,85723844,1105,-1.13308531596249,1.63356335863372,0.0382180423722371,"Intron (ENST00000376083.7/23287, intron 1 of 25)","23287","AGTPBP1","ATP/GTP binding carboxypeptidase 1",17974
"chr17",10062897,10064658,1762,-1.12268369971069,1.62483625060278,0.0382418474382607,"Promoter (1-2kb)","8522","GAS7","growth arrest specific 7",-1518
"chr6",136593349,136594780,1432,-0.934032997424766,1.20975746063028,0.0382478131105649,"Intron (ENST00000359015.5/4217, intron 21 of 29)","4217","MAP3K5","mitogen-activated protein kinase kinase kinase 5",-8842
"chr14",24679364,24681307,1944,-0.929574701738026,1.55872204023235,0.0383013347819391,"Distal Intergenic","3002","GZMB","granzyme B",-45097
"chr13",98445288,98446382,1095,-0.967341385933083,0.795484938881189,0.0383218132142733,"3' UTR","10160","FARP1","FERM, ARH/RhoGEF and pleckstrin domain protein 1",14207
"chr21",42227412,42228720,1309,-0.992899820967964,1.23376425580973,0.0383353465959454,"Intron (ENST00000398457.6/9619, intron 3 of 15)","9619","ABCG1","ATP binding cassette subfamily G member 1",7591
"chr17",10050447,10051601,1155,-0.950731359795422,0.822030517500333,0.0383426589768056,"Intron (ENST00000432992.7/8522, intron 1 of 13)","8522","GAS7","growth arrest specific 7",8214
"chr10",123240712,123242219,1508,-1.08925968272733,2.11989911020723,0.0383927615284696,"Distal Intergenic","9184","BUB3","BUB3 mitotic checkpoint protein",78458
"chr6",132748656,132750000,1345,-1.17271528984361,1.34569351891748,0.0383995109708019,"3' UTR","8875","VNN2","vanin 2",7873
"chr5",155833469,155835420,1952,-1.02515612769492,0.907534740556276,0.0385362261703312,"Distal Intergenic","6444","SGCD","sarcoglycan delta",-34924
"chr9",134365538,134366823,1286,-0.822275536905715,1.1605570384375,0.0385388470502783,"Intron (ENST00000484822.1/6256, intron 2 of 2)","6256","RXRA","retinoid X receptor alpha",-5148
"chr14",68383272,68385584,2313,-1.07864213275596,1.52581040056606,0.0386371539933737,"Promoter (1-2kb)","5890","RAD51B","RAD51 paralog B",-1553
"chr5",139667933,139668951,1019,-0.736729929870779,1.04646148158552,0.0386382616884443,"Intron (ENST00000502295.1/51523, intron 1 of 1)","51523","CXXC5","CXXC finger protein 5",-6485
"chr16",28148759,28150299,1541,-0.836591752097619,1.26254125242763,0.0387409971768654,"Promoter (2-3kb)","23214","XPO6","exportin 6",-2456
"chr6",33028128,33030401,2274,-1.09850641751038,1.49368483821728,0.0387808787165012,"Distal Intergenic","3111","HLA-DOA","major histocompatibility complex, class II, DO alpha",-18537
"chr20",4037378,4039063,1686,-1.16481557421021,1.78261576706093,0.03880670252311,"Distal Intergenic","11237","RNF24","ring finger protein 24",-21820
"chr6",13427367,13429330,1964,-0.775062927069979,0.668879186820001,0.0388206572873931,"Intron (ENST00000379287.4/54438, intron 1 of 1)","54438","GFOD1","Gfo/Idh/MocA-like oxidoreductase domain containing 1",-19230
"chr1",181104562,181105838,1277,-0.949351891374711,0.869332366673951,0.0388435744490475,"Distal Intergenic","51278","IER5","immediate early response 5",15862
"chr10",103197123,103198386,1264,-0.806143700130793,0.943592687053105,0.038871450645732,"5' UTR","22978","NT5C2","5'-nucleotidase, cytosolic II",-3817
"chr15_KI270905v1_alt",269778,270237,460,-1.15196504395937,0.869244053793321,0.0388816542661304,"Intron (ENST00000632916.1/8924, intron 26 of 40)","8924","HERC2","HECT and RLD domain containing E3 ubiquitin protein ligase 2",-18761
"chr13",24230333,24231445,1113,-1.02423530966668,0.930486410780014,0.0389150089445292,"Intron (ENST00000382141.4/221178, intron 4 of 15)","221178","SPATA13","spermatogenesis associated 13",6092
"chr22",29117866,29119646,1781,-0.929343352616585,1.20772331726603,0.0389399009707967,"Promoter (1-2kb)","83999","KREMEN1","kringle containing transmembrane protein 1",-1795
"chr10",88834652,88835758,1107,-1.10152256030757,1.14867877198102,0.0389399417493397,"Intron (ENST00000371930.5/118932, intron 1 of 5)","118932","ANKRD22","ankyrin repeat domain 22",-11137
"chr10_GL383546v1_alt",259478,260892,1415,-0.910528605957144,1.24348998231696,0.0389525847477849,"Intron (ENST00000622021.4/240, intron 4 of 12)","240","ALOX5","arachidonate 5-lipoxygenase",-4030
"chr3",4965814,4966929,1116,-1.17308750236592,1.3268357344411,0.0389689794024364,"Intron (ENST00000615178.4/100507582, intron 1 of 2)","8553","BHLHE40","basic helix-loop-helix family member e40",-12508
"chr2",86820999,86822139,1141,-0.874554799621798,0.708832173188916,0.038986927506025,"Intron (ENST00000393761.6/926, intron 3 of 3)","925","CD8A","CD8 subunit alpha",-12603
"chrX",12950425,12951347,923,-0.73884162563546,0.964827284606706,0.0390088980784379,"Distal Intergenic","7114","TMSB4X","thymosin beta 4 X-linked",-23763
"chr6",149093507,149095488,1982,-1.028970810435,1.10481839004762,0.0390270039991824,"Distal Intergenic","10090","UST","uronyl 2-sulfotransferase",27331
"chr4",148060392,148061494,1103,-0.842091127840206,1.82817491339024,0.0390728489898453,"Intron (ENST00000336498.8/79658, intron 20 of 22)","79658","ARHGAP10","Rho GTPase activating protein 10",-3746
"chr5",96656293,96656913,621,-0.867222797776068,0.675823939561637,0.0390816112265802,"Intron (ENST00000505143.5/831, intron 1 of 11)","831","CAST","calpastatin",-5142
"chr2",237474893,237475611,719,-0.981159953317592,1.38048289093649,0.0391021555279324,"Distal Intergenic","79083","MLPH","melanophilin",-9817
"chr1",203649673,203651078,1406,-0.745597299697476,0.990509853313623,0.0391567651454983,"Intron (ENST00000341360.7/493, intron 1 of 21)","493","ATP2B4","ATPase plasma membrane Ca2+ transporting 4",19576
"chr5",146750638,146753248,2611,-1.10107842450845,1.82622630778422,0.0391601928984978,"Exon (ENST00000520231.1/ENST00000520231.1, exon 2 of 2)","5521","PPP2R2B","protein phosphatase 2 regulatory subunit Bbeta",125333
"chr10",17205729,17207186,1458,-0.99512213970761,1.5388822338388,0.0391606428470937,"Distal Intergenic","1787","TRDMT1","tRNA aspartic acid methyltransferase 1",-3675
"chr7",50315770,50316846,1077,-0.523536325196365,0.545180902640724,0.0391978811480939,"Promoter (1-2kb)","10320","IKZF1","IKAROS family zinc finger 1",-1560
"chr1",52685496,52686785,1290,-0.869064781144548,0.988062111288298,0.0392085976535571,"3' UTR","65260","COA7","cytochrome c oxidase assembly factor 7",11283
"chr22",45254154,45255648,1495,-0.867398448356849,0.912528635543246,0.0392801338682546,"Distal Intergenic","23313","KIAA0930","KIAA0930",-13260
"chr17",61250628,61251913,1286,-0.955348050192596,1.43364079646175,0.0393201569497824,"Intron (ENST00000407086.8/54828, intron 22 of 23)","54828","BCAS3","BCAS3 microtubule associated cell migration factor",5368
"chr9",133675969,133678184,2216,-1.08557100746575,1.66556629924194,0.039500108907447,"Intron (ENST00000439388.6/1757, intron 17 of 20)","1757","SARDH","sarcosine dehydrogenase",-8846
"chrX",2320719,2321907,1189,-1.10089597023497,1.61722914344259,0.0395547575009594,"Intron (ENST00000334651.11/207063, intron 3 of 6)","207063","DHRSX","dehydrogenase/reductase X-linked",-53782
"chr7",149865197,149865911,715,-0.855737845266216,1.01653171710386,0.0395780568122709,"3' UTR","155066","ATP6V0E2","ATPase H+ transporting V0 subunit e2",-7057
"chr11",63574049,63575524,1476,-0.995863102340113,2.04492756566569,0.0395897018006548,"3' UTR","54979","PLAAT2","phospholipase A and acyltransferase 2",-10670
"chr2",168195062,168196045,984,-1.01434150101488,0.873546102607421,0.0396454494849744,"Intron (ENST00000355999.5/27347, intron 1 of 17)","27347","STK39","serine/threonine kinase 39",51390
"chr11",60251428,60252959,1532,-1.15654433020388,0.997194447992023,0.0396695827109966,"Intron (ENST00000680935.1/51338, intron 2 of 6)","643680","MS4A4E","membrane spanning 4-domains A4E",-8291
"chr2",222843972,222844859,888,-0.98393965911025,0.815736009011989,0.0396971015273145,"Distal Intergenic","2181","ACSL3","acyl-CoA synthetase long chain family member 3",-16083
"chr3",32302013,32303549,1537,-1.08884583560633,1.61737209044393,0.0396971276946315,"Intron (ENST00000458535.6/152189, intron 1 of 2)","152189","CMTM8","CKLF like MARVEL transmembrane domain containing 8",63333
"chr15",101193186,101194879,1694,-1.02298924246149,0.930848133775429,0.0397108649180483,"Intron (ENST00000254190.4/22856, intron 2 of 2)","22856","CHSY1","chondroitin sulfate synthase 1",-3619
"chr3",188916402,188918124,1723,-1.08564215310699,1.39626665856307,0.0397428288718699,"Distal Intergenic","285386","TPRG1","tumor protein p63 regulated 1",-29090
"chr17",4161285,4163385,2101,-0.981280490999147,1.11995548478977,0.0397571155890937,"Intron (ENST00000573984.1/124936, intron 3 of 3)","51479","ANKFY1","ankyrin repeat and FYVE domain containing 1",7476
"chr12",120316940,120317874,935,-1.09386075756766,1.35052831134231,0.0397753279462936,"Distal Intergenic","5319","PLA2G1B","phospholipase A2 group IB",8219
"chr1",203675385,203676741,1357,-0.845969668988003,1.1781884497628,0.039780330314138,"Intron (ENST00000341360.7/493, intron 1 of 21)","493","ATP2B4","ATPase plasma membrane Ca2+ transporting 4",45288
"chr8",140542623,140544780,2158,-0.994664162495127,1.48142030977402,0.0397895854448949,"Promoter (1-2kb)","27161","AGO2","argonaute RISC catalytic component 2",-1166
"chr12",6367859,6368874,1016,-0.784651690508816,0.632431401114662,0.0398065801763135,"Intron (ENST00000360168.7/6337, intron 1 of 11)","6337","SCNN1A","sodium channel epithelial 1 subunit alpha",-3712
"chr5",56672482,56672921,440,-0.7241237230965,0.565335611319742,0.039814366941473,"Distal Intergenic","101928448","C5orf67","chromosome 5 putative open reading frame 67",-66250
"chr10",72510535,72511187,653,-0.96686138877366,0.787911364031127,0.039857366124132,"Promoter (1-2kb)","10367","MICU1","mitochondrial calcium uptake 1",-1910
"chr18",48952279,48953127,849,-0.839896154162654,1.03218599865472,0.0398649056857111,"Promoter (1-2kb)","4092","SMAD7","SMAD family member 7",-1314
"chr9",15298503,15300490,1988,-0.998924557998862,1.22412377772036,0.039982223946273,"Intron (ENST00000512701.7/158219, intron 1 of 19)","158219","TTC39B","tetratricopeptide repeat domain 39B",6719
"chr15",67085102,67086467,1366,-0.657139481316627,0.574693838003387,0.0401255146017742,"Intron (ENST00000559460.6/4088, intron 1 of 8)","4088","SMAD3","SMAD family member 3",7116
"chr3",143585633,143586394,762,-0.902696194562481,1.11730355115278,0.0401873757840757,"Intron (ENST00000316549.11/285195, intron 6 of 15)","285195","SLC9A9","solute carrier family 9 member A9",111755
"chr9",131644709,131645926,1218,-0.821499641941539,0.686940832013784,0.040237503153314,"Promoter (1-2kb)","2889","RAPGEF1","Rap guanine nucleotide exchange factor 1",-1318
"chr4",38165759,38167654,1896,-0.949435858846342,0.850019590785095,0.0402597349339502,"Distal Intergenic","23216","TBC1D1","TBC1 domain family member 1",32999
"chr16",48576696,48578567,1872,-1.08104867726935,0.877518157599933,0.0403158068370565,"Exon (ENST00000478038.1/ENST00000478038.1, exon 1 of 1)","9683","N4BP1","NEDD4 binding protein 1",-23043
"chr1",2245981,2246988,1008,-0.923797698688056,1.5319601483596,0.0403197672726726,"Promoter (1-2kb)","6497","SKI","SKI proto-oncogene",-1008
"chr1",116801610,116802087,478,-0.525151337177914,0.386331051867703,0.0403237029348669,"Distal Intergenic","914","CD2","CD2 molecule",47143
"chr1_GL383520v2_alt",274810,275393,584,-1.10342232568052,0.551711162840261,0.0403531739610777,"Distal Intergenic","5788","PTPRC","protein tyrosine phosphatase receptor type C",-4683
"chr14",89620625,89621293,669,-0.868506322669459,1.23842581311367,0.0403580097954294,"Promoter (1-2kb)","1112","FOXN3","forkhead box N3",-1476
"chr1",34097328,34097937,610,1.1122742623934,0.556137131196698,0.0403712390802904,"Intron (ENST00000373381.9/114784, intron 1 of 70)","114784","CSMD2","CUB and Sushi multiple domains 2",67293
"chr9",65648441,65649163,723,-1.09681835222332,0.548409176111661,0.0404426605276597,"Intron (ENST00000623592.1/ENST00000623592.1, intron 2 of 3)","220869","ZNG1E","Zn regulated GTPase metalloprotein activator 1E",-19642
"chr6",161116073,161117579,1507,-0.98272161856019,0.870596205269921,0.0404516649494478,"3' UTR","4216","MAP3K4","mitogen-activated protein kinase kinase kinase 4",7194
"chr19_GL949747v2_alt",184461,185367,907,-1.06477538957736,1.52681394469505,0.0404909389059873,"Distal Intergenic","6203","RPS9","ribosomal protein S9",8621
"chr1",116789360,116789778,419,-1.16693626485672,0.583468132428362,0.0404959621316985,"Distal Intergenic","914","CD2","CD2 molecule",34893
"chr20",53652444,53655601,3158,-0.965810496616443,1.35900005959331,0.0405154774003863,"Distal Intergenic","7764","ZNF217","zinc finger protein 217",-42537
"chr20",37005839,37006575,737,-0.773708454002939,0.626864094391874,0.040566534153228,"Intron (ENST00000373664.8/5933, intron 20 of 21)","25939","SAMHD1","SAM and HD domain containing deoxynucleoside triphosphate triphosphohydrolase 1",-53946
"chr15",45057495,45059051,1557,-0.988631519287906,0.494315759643953,0.040636242062064,"Exon (ENST00000560324.1/ENST00000560324.1, exon 1 of 4)","6652","SORD","sorbitol dehydrogenase",-10144
"chrX",124354250,124354626,377,-1.01319150904335,0.506595754521673,0.040643811371546,"Intron (ENST00000469481.1/10735, intron 2 of 3)","4068","SH2D1A","SH2 domain containing 1A",7642
"chr1",203058276,203059707,1432,-0.845619629521863,0.828766135659759,0.0406499203542764,"Promoter (1-2kb)","8497","PPFIA4","PTPRF interacting protein alpha 4",-1659
"chr1",58392412,58392866,455,-1.14819842333499,0.574099211667493,0.0406622789354071,"Intron (ENST00000485760.5/1600, intron 3 of 20)","115209","OMA1","OMA1 zinc metallopeptidase",113333
"chr12",132769943,132770978,1036,-0.871525911931237,0.822877414793832,0.0406667173642579,"3' UTR","23141","ANKLE2","ankyrin repeat and LEM domain containing 2",-8111
"chr11",7719649,7720085,437,1.03264091989307,0.516320459946537,0.0406869567581756,"Intron (ENST00000527565.1/283299, intron 5 of 5)","341277","OVCH2","ovochymase 2",-13172
"chr1",173122514,173123958,1445,-1.10253914339211,2.1173157447487,0.0407036965076151,"Distal Intergenic","7292","TNFSF4","TNF superfamily member 4",51545
"chr17_KI270861v1_alt",152683,153388,706,-0.966219504520528,0.795324679015218,0.0407393840337263,"Promoter (1-2kb)","124997","WDR81","WD repeat domain 81",-1188
"chr17",21850009,21850912,904,-0.968885786501845,0.484442893250922,0.0407609582092238,"Distal Intergenic","100134444","KCNJ18","potassium inwardly rectifying channel subfamily J member 18",157486
"chr3",17626827,17627501,675,-1.08044284144826,0.540221420724129,0.0407745858761354,"Promoter (2-3kb)","9779","TBC1D5","TBC1 domain family member 5",-2911
"chr4",83194090,83195250,1161,-0.78133712286052,0.67413584064441,0.0407912162467645,"Distal Intergenic","51316","PLAC8","placenta associated 8",-57015
"chr2",230423766,230424737,972,-1.05786569712143,1.08414672738444,0.0408140328377426,"Intron (ENST00000264052.9/6672, intron 2 of 24)","6672","SP100","SP100 nuclear antigen",7010
"chr20",40464382,40464866,485,-1.097863718682,0.548931859340998,0.0408417206514659,"Distal Intergenic","9935","MAFB","MAF bZIP transcription factor B",224370
"chr9",112409141,112409770,630,-0.966796706610012,0.483398353305006,0.0408917911519532,"Intron (ENST00000398803.1/84263, intron 3 of 8)","84263","HSDL2","hydroxysteroid dehydrogenase like 2",-4232
"chr1",39191805,39192923,1119,-0.819013045798484,0.58619492524736,0.0409391016206289,"Intron (ENST00000361689.7/23499, intron 2 of 93)","23499","MACF1","microtubule actin crosslinking factor 1",-11772
"chr4",150827474,150829286,1813,-1.14742102361925,1.65631160653349,0.0409454392928103,"Exon (ENST00000651943.2/987, exon 30 of 57)","987","LRBA","LPS responsive beige-like anchor protein",19601
"chr15",63683572,63684125,554,-0.995630922306651,0.497815461153325,0.0409556274000786,"Intron (ENST00000559303.2/ENST00000559303.2, intron 3 of 3)","8925","HERC1","HECT and RLD domain containing E3 ubiquitin protein ligase family member 1",-5586
"chr12",55737454,55738919,1466,-0.997641601394723,1.90965536378493,0.0409673408890082,"Distal Intergenic","10220","GDF11","growth differentiation factor 11",-4203
"chr11",54417906,54418507,602,-0.984965232607729,0.492482616303864,0.0409745276735058,"Distal Intergenic","119749","OR4C46","olfactory receptor family 4 subfamily C member 46",185491
"chr2",218155725,218156198,474,-0.917887441542298,0.458943720771149,0.0409813453295097,"Distal Intergenic","3577","CXCR1","C-X-C motif chemokine receptor 1",10764
"chr21",34967794,34968800,1007,-0.751065428989446,0.628751955089009,0.0410133911384994,"Intron (ENST00000437180.5/861, intron 2 of 8)","861","RUNX1","RUNX family transcription factor 1",-78004
"chr10",96651722,96653183,1462,-0.745120453658945,0.914165742835654,0.0410235660450249,"Exon (ENST00000339364.10/118788, exon 4 of 17)","118788","PIK3AP1","phosphoinositide-3-kinase adaptor protein 1",16428
"chr4",76917644,76918234,591,-1.00116644892824,0.500583224464121,0.0410401426525817,"Intron (ENST00000693378.2/105377294, intron 1 of 2)","345079","SOWAHB","sosondowah ankyrin repeat domain family member B",-19500
"chrY",56832358,56832930,573,-0.52793221237358,0.444149602300444,0.0410703662762079,"Distal Intergenic","6845","VAMP7","vesicle associated membrane protein 7",-234935
"chr20",62685738,62686644,907,-1.03040266483585,0.515201332417926,0.0410842288099282,"Exon (ENST00000466818.1/28231, exon 3 of 3)","28231","SLCO4A1","solute carrier organic anion transporter family member 4A1",17258
"chr10",60236801,60238662,1862,-1.09525812509669,2.09532498701847,0.041089782959608,"Intron (ENST00000280772.7/288, intron 7 of 43)","288","ANK3","ankyrin 3",61820
"chr8",47848797,47849741,945,-1.02958461080156,0.514792305400781,0.0411110511416731,"Promoter (2-3kb)","5591","PRKDC","protein kinase, DNA-activated, catalytic subunit",-2977
"chr2",27829823,27832201,2379,-1.12654173961926,1.67333593356962,0.0411123354507036,"Intron (ENST00000448427.1/9577, intron 3 of 5)","64080","RBKS","ribokinase",10960
"chr2",234032866,234033312,447,-0.943989930750329,0.471994965375164,0.0411413073186296,"Distal Intergenic","6694","SPP2","secreted phosphoprotein 2",-17367
"chr7",2018653,2020716,2064,-0.948127777802374,1.37905554189891,0.0411623514065555,"Intron (ENST00000402746.5/8379, intron 10 of 16)","8379","MAD1L1","mitotic arrest deficient 1 like 1",-37862
"chr16",11114528,11115194,667,-1.04939301718803,0.524696508594017,0.0411802974279999,"Intron (ENST00000703130.1/23274, intron 18 of 22)","23274","CLEC16A","C-type lectin domain containing 16A",-8549
"chrX",1239558,1240790,1233,-0.975568238854084,0.487784119427042,0.0411825908942409,"Distal Intergenic","64109","CRLF2","cytokine receptor like factor 2",-26835
"chr17",68459866,68460651,786,-0.891425750095502,0.44571287504775,0.0412010154065489,"Promoter (2-3kb)","55062","WIPI1","WD repeat domain, phosphoinositide interacting 1",-2353
"chr4",177401640,177402619,980,-0.946942065436534,0.473471032718267,0.0412097952486569,"Distal Intergenic","175","AGA","aspartylglucosaminidase",37005
"chrX",14851125,14852589,1465,-1.13562108362833,1.03322397143145,0.0412346977969215,"3' UTR","2187","FANCB","FA complementation group B",12184
"chr2",98473382,98474661,1280,-0.789625299843666,1.41831533083333,0.0412905963625888,"Intron (ENST00000409016.8/3631, intron 1 of 25)","3631","INPP4A","inositol polyphosphate-4-phosphatase type I A",28432
"chr11",9363577,9364929,1353,-1.31989630407625,1.93864545346697,0.0413025725381848,"Distal Intergenic","10527","IPO7","importin 7",-19723
"chr3",172294266,172295032,767,-0.957794105984143,0.478897052992071,0.0413201644783664,"Intron (ENST00000415807.7/64778, intron 7 of 25)","64778","FNDC3B","fibronectin type III domain containing 3B",-11904
"chr8",19510790,19511908,1119,-1.06160805605304,1.2225877165479,0.0413335078086094,"Intron (ENST00000454498.6/55790, intron 3 of 9)","55790","CSGALNACT1","chondroitin sulfate N-acetylgalactosaminyltransferase 1",-15599
"chr2",68505644,68506401,758,1.08748781612084,0.543743908060417,0.0413398854031413,"Intron (ENST00000529851.5/200558, intron 2 of 8)","200558","APLF","aprataxin and PNKP like factor",-23237
"chrY",2696586,2697503,918,-0.902571089206087,0.712779882357804,0.0413414094999584,"Intron (ENST00000711165.1/4267, intron 1 of 10)","4267","CD99","CD99 molecule (Xg blood group)",5086
"chr5",62538224,62538789,566,1.06237322964889,0.531186614824446,0.0413437938082887,"Intron (ENST00000424533.5/51194, intron 24 of 28)","51194","IPO11","importin 11",-21907
"chr9",89481144,89482662,1519,-0.557121887952194,0.424579316211766,0.0413466364332516,"Promoter (1-2kb)","10507","SEMA4D","semaphorin 4D",-1254
"chr1",145064990,145065962,973,-0.916159740398934,0.458079870199466,0.0413768284473048,"Intron (ENST00000612199.4/647135, intron 2 of 9)","647135","SRGAP2B","SLIT-ROBO Rho GTPase activating protein 2B",29003
"chr11",85749717,85751166,1450,-0.79978893338318,0.634621808493425,0.0413872694760285,"Intron (ENST00000389960.8/54843, intron 2 of 18)","54843","SYTL2","synaptotagmin like 2",6559
"chr19",21314824,21315483,660,-0.942184123193046,0.471092061596523,0.0413954279795819,"Intron (ENST00000356929.3/7562, intron 1 of 3)","7562","ZNF708","zinc finger protein 708",13853
"chr1",121080436,121081012,577,-0.92357098509813,0.461785492549065,0.0413977000427223,"Distal Intergenic","2210","FCGR1BP","Fc gamma receptor Ib, pseudogene",-6286
"chr3",99900682,99901139,458,-0.981300022111533,0.490650011055766,0.0414085756786212,"Intron (ENST00000463526.1/84319, intron 1 of 3)","11259","FILIP1L","filamin A interacting protein 1 like",-24479
"chr4",70944103,70945008,906,-0.912173935823913,0.456086967911957,0.0414231359779348,"Intron (ENST00000502869.5/92597, intron 2 of 5)","92597","MOB1B","MOB kinase activator 1B",41719
"chr5",54994796,54995389,594,-0.983246175444195,0.887656664816519,0.0414376958702305,"Intron (ENST00000598310.5/11082, intron 1 of 2)","11082","ESM1","endothelial cell specific molecule 1",-9203
"chr1",31010525,31010971,447,-0.860128036969589,0.430064018484794,0.0414932317897941,"Intron (ENST00000424085.6/9698, intron 3 of 17)","9698","PUM1","pumilio RNA binding family member 1",-15421
"chr11",2891998,2893403,1406,-1.11156565169866,1.18970350042725,0.0415161798513006,"Promoter (2-3kb)","5003","SLC22A18AS","SLC22A18 antisense RNA",-2568
"chr5",157030339,157030770,432,-0.868478482340615,0.434239241170307,0.0415211131837302,"Intron (ENST00000339252.8/26762, intron 7 of 7)","26762","HAVCR1","hepatitis A virus cellular receptor 1",27626
"chr2",31904469,31905016,548,-0.921124986376016,0.460562493188008,0.041586144838849,"Intron (ENST00000295065.9/51072, intron 5 of 8)","51072","MEMO1","mediator of cell motility 1",38367
"chr11",85827086,85827839,754,-0.90064776174362,0.45032388087181,0.0415912877928478,"Distal Intergenic","54843","SYTL2","synaptotagmin like 2",-15927
"chrX",48631483,48632241,759,-0.870809017650757,0.435404508825378,0.0415934660571876,"Distal Intergenic","64743","WDR13","WD repeat domain 13",27291
"chr17",68019941,68020682,742,-1.07446346628745,1.02095376309792,0.0416002707287716,"Distal Intergenic","3838","KPNA2","karyopherin subunit alpha 2",-14954
"chr8",28881137,28882002,866,-0.846490673521434,0.423245336760717,0.0416014860415352,"Intron (ENST00000523303.5/55756, intron 1 of 16)","55756","INTS9","integrator complex subunit 9",7907
"chr4",107818184,107819395,1212,-1.14692450244653,0.573462251223265,0.0416022753434027,"Distal Intergenic","166929","SGMS2","sphingomyelin synthase 2",-5168
"chr5",49917352,49917725,374,1.08333187027089,0.541665935135443,0.0416112964048548,"Distal Intergenic","133418","EMB","embigin",494273
"chrX",136064154,136065679,1526,-0.964457680701605,0.482228840350802,0.0416167759747803,"Distal Intergenic","10479","SLC9A6","solute carrier family 9 member A6",24972
"chr9",998593,998994,402,-1.02925169321375,0.514625846606875,0.0416291290126687,"Distal Intergenic","58524","DMRT3","doublesex and mab-3 related transcription factor 3",21938
"chr6",159098271,159099603,1333,-0.930300960547404,1.09476619539601,0.0416335863697888,"Promoter (2-3kb)","117289","TAGAP","T cell activation RhoGTPase activating protein",-2448
"chr5",65102547,65103797,1251,-1.08853774308867,1.38438923045111,0.041644004735966,"Downstream (<=300bp)","11174","ADAMTS6","ADAM metallopeptidase with thrombospondin type 1 motif 6",94968
"chrX",109707422,109708281,860,-1.07038744839604,0.53519372419802,0.0416506015863059,"Intron (ENST00000469796.7/2182, intron 1 of 15)","2182","ACSL4","acyl-CoA synthetase long chain family member 4",-15275
"chrX",15976673,15978270,1598,-1.02804486258395,1.28197542449333,0.0416527472179638,"Distal Intergenic","8905","AP1S2","adaptor related protein complex 1 subunit sigma 2",-121742
"chr5",150436034,150436762,729,-0.952712125694634,0.476356062847317,0.041661480149086,"Distal Intergenic","6208","RPS14","ribosomal protein S14",10175
"chr17",42267223,42267954,732,-0.821543388978949,0.410771694489474,0.0416664947681453,"Intron (ENST00000698803.1/6777, intron 1 of 18)","6777","STAT5B","signal transducer and activator of transcription 5B",8371
"chrX",53440380,53442460,2081,-0.853194928699783,1.06615643477449,0.0416666692734475,"Distal Intergenic","3028","HSD17B10","hydroxysteroid 17-beta dehydrogenase 10",-6010
"chr2",84925251,84927119,1869,-0.971330931250911,1.09023517628824,0.0416855246976389,"Exon (ENST00000671359.1/ENST00000671359.1, exon 1 of 4)","105374836","LOC105374836","uncharacterized LOC105374836",-18243
"chr9",85729805,85730783,979,-1.07878409559684,1.5859303358751,0.0416892025318163,"Intron (ENST00000376083.7/23287, intron 1 of 25)","23287","AGTPBP1","ATP/GTP binding carboxypeptidase 1",11035
"chr6",26532795,26533389,595,-0.786493005195595,0.677531928273811,0.0417346364327986,"Exon (ENST00000707191.1/ENST00000707191.1, exon 2 of 2)","10473","HMGN4","high mobility group nucleosomal binding domain 4",-4977
"chr1",15829369,15830251,883,-0.801963885582289,0.537298865757733,0.0417364488004966,"Distal Intergenic","23013","SPEN","spen family transcriptional repressor",-5844
"chr6",36139544,36141987,2444,-0.833038461347743,0.789117943921116,0.041753094146641,"3' UTR","5603","MAPK13","mitogen-activated protein kinase 13",8675
"chr10",33050080,33050763,684,-1.03674575803142,0.518372879015708,0.041786021446451,"Intron (ENST00000450890.5/101929475, intron 3 of 3)","3688","ITGB1","integrin subunit beta 1",-44288
"chr2",97067238,97068417,1180,-0.966256234943166,0.483128117471583,0.0418091160718564,"Distal Intergenic","151313","FAHD2B","fumarylacetoacetate hydrolase domain containing 2B",26403
"chr7",21353892,21355046,1155,-0.711548410689822,0.605565230404341,0.0418145204254173,"Distal Intergenic","6671","SP4","Sp4 transcription factor",-72997
"chr14",64698876,64699650,775,-0.855189957098088,0.427594978549044,0.0418291040170264,"Distal Intergenic","26030","PLEKHG3","pleckstrin homology and RhoGEF domain containing G3",-4452
"chr17",29154668,29155811,1144,-0.894468495845394,0.715444792156584,0.0418509292791125,"Exon (ENST00000582196.1/124903967, exon 2 of 2)","399687","MYO18A","myosin XVIIIA",9670
"chr10",133753335,133754472,1138,-0.184844911096682,2.86902099133894,0.0418845552253456,"Exon (ENST00000554103.2/ENST00000554103.2, exon 1 of 1)","441581","FRG2B","FSHD region gene 2 family member B",-126540
"chr18",2615080,2615717,638,-0.857356263607529,0.428678131803764,0.0418897870221452,"3' UTR","10403","NDC80","NDC80 kinetochore complex component",4299
"chr2",32288362,32289087,726,-0.879680308583788,1.04157354313743,0.0418931497116431,"Intron (ENST00000238831.9/84272, intron 1 of 5)","84272","YIPF4","Yip1 domain family member 4",10131
"chr8",144767512,144768473,962,-0.872969836449656,1.07771159671897,0.0418936447327705,"Distal Intergenic","90987","ZNF251","zinc finger protein 251",-11095
"chr1",30782559,30783907,1349,-0.89119062214924,0.445595311074619,0.0419008837212129,"Distal Intergenic","7805","LAPTM5","lysosomal protein transmembrane 5",-24785
"chr17",64337158,64338147,990,-0.726522905919038,0.558364341112291,0.0419188713130375,"Intron (ENST00000563924.6/5175, intron 14 of 15)","5175","PECAM1","platelet and endothelial cell adhesion molecule 1",32098
"chr19",3132799,3134069,1271,-0.982207438608997,1.42190887941025,0.0419269737217253,"Promoter (1-2kb)","2769","GNA15","G protein subunit alpha 15",-1964
"chr14",73311167,73311533,367,-0.966063564794769,0.483031782397384,0.0419347321886905,"Intron (ENST00000554546.5/8650, intron 5 of 10)","8650","NUMB","NUMB endocytic adaptor protein",-11792
"chr11",93603605,93604418,814,-1.3024264958779,1.15819366783616,0.0419410564247994,"Distal Intergenic","85459","CEP295","centrosomal protein 295",-57264
"chr3",54399579,54400205,627,-1.09698946589374,0.548494732946872,0.0419419214390881,"Intron (ENST00000474759.6/55799, intron 4 of 37)","55799","CACNA2D3","calcium voltage-gated channel auxiliary subunit alpha2delta 3",126805
"chr2",216352131,216353026,896,-0.971181454065076,1.10694045751171,0.04195384285659,"Intron (ENST00000273067.5/57574, intron 1 of 3)","57574","MARCHF4","membrane associated ring-CH-type finger 4",19457
"chrX",48720168,48721052,885,-0.856844876569178,0.775636014691836,0.0419623984322239,"Intron (ENST00000416061.1/ENST00000416061.1, intron 1 of 2)","6839","SUV39H1","SUV39H1 histone lysine methyltransferase",13865
"chr10",48576788,48578154,1367,-1.09796249732542,0.97758555659564,0.0419662330403241,"Intron (ENST00000249601.9/58504, intron 2 of 9)","58504","ARHGAP22","Rho GTPase activating protein 22",4893
"chr1",244395595,244396189,595,-0.808465875287185,0.404232937643592,0.0419698784647239,"Exon (ENST00000435390.2/ENST00000435390.2, exon 1 of 1)","200159","SPMIP3","sperm microtubule inner protein 3",17083
"chr12",96377551,96378688,1138,-1.18322709548382,2.27189796362062,0.0419887978112054,"Intron (ENST00000261211.8/5128, intron 1 of 16)","5128","CDK17","cyclin dependent kinase 17",20676
"chr16",23891621,23892193,573,-0.955575920831133,0.477787960415566,0.0420005814165487,"Intron (ENST00000321728.12/5579, intron 2 of 16)","5579","PRKCB","protein kinase C beta",54398
"chr5",14153950,14154655,706,-0.979520782262275,0.489760391131137,0.0420387130313772,"Intron (ENST00000698541.1/7204, intron 1 of 36)","7204","TRIO","trio Rho guanine nucleotide exchange factor",9130
"chr20",37004813,37005470,658,-0.700359133155191,0.748662282684937,0.0420469922273009,"Intron (ENST00000373664.8/5933, intron 20 of 21)","25939","SAMHD1","SAM and HD domain containing deoxynucleoside triphosphate triphosphohydrolase 1",-52920
"chr15_KI270905v1_alt",3638139,3639638,1500,-0.713374452055861,0.857818114097186,0.0420491697339779,"Intron (ENST00000621843.1/51621, intron 1 of 1)","51621","KLF13","KLF transcription factor 13",25148
"chr17",82429356,82430266,911,-0.912011722035113,0.456005861017556,0.04205497689583,"Intron (ENST00000337014.10/284004, intron 4 of 11)","284004","HEXD","hexosaminidase D",-3534
"chr12",32025461,32026273,813,-1.06502156897482,0.532510784487412,0.0421046023619439,"Distal Intergenic","55196","RESF1","retroelement silencing factor 1",38295
"chr10",26486179,26487823,1645,-0.764926104968323,0.825863977200615,0.042153337291409,"Intron (ENST00000376236.9/54518, intron 2 of 14)","54518","APBB1IP","amyloid beta precursor protein binding family B member 1 interacting protein",47754
"chr16",29641046,29641658,613,-0.840571939358847,0.420285969679423,0.0421780478064057,"Distal Intergenic","6693","SPN","sialophorin",-21321
"chr1",158799739,158802591,2853,-0.828508543250122,1.97805529407867,0.0422276186965789,"Distal Intergenic","81442","OR6N2","olfactory receptor family 6 subfamily N member 2",-18535
"chrX",118600726,118601515,790,-1.0351562521834,0.5175781260917,0.0422292782448395,"Intron (ENST00000276202.9/139818, intron 23 of 52)","139818","DOCK11","dedicator of cytokinesis 11",54615
"chr19",3548614,3549497,884,-0.761161087865461,0.638104382280069,0.0422435031646465,"Promoter (1-2kb)","126321","MFSD12","major facilitator superfamily domain containing 12",-1250
"chr10",6541997,6544345,2349,-0.404983985130169,2.21271625808946,0.0422472356815391,"Intron (ENST00000397176.6/5588, intron 1 of 16)","5588","PRKCQ","protein kinase C theta",35931
"chr3",52762467,52764517,2051,-1.13074690194673,0.94857893985445,0.0422568749624156,"Exon (ENST00000233027.10/6787, exon 5 of 16)","6787","NEK4","NIMA related kinase 4",6339
"chr19",58513388,58514343,956,-0.866350542717038,0.433175271358519,0.0422615877547492,"Promoter (1-2kb)","10998","SLC27A5","solute carrier family 27 member 5",-1396
"chr21",43410265,43410761,497,-1.02303266077853,0.511516330389265,0.0422766101504485,"Distal Intergenic","150094","SIK1","salt inducible kinase 1",9161
"chr3",129626311,129628283,1973,-1.08704435178212,1.63735090542907,0.0422804293744526,"Distal Intergenic","23129","PLXND1","plexin D1",-19635
"chr17",39769997,39770660,664,-0.497721867331673,0.431226854524689,0.0422940816088296,"Intron (ENST00000346872.8/22806, intron 7 of 7)","22806","IKZF3","IKAROS family zinc finger 3",7565
"chr5",120131957,120133079,1123,-1.12693922885871,0.563469614429354,0.0422969276808085,"Distal Intergenic","51334","PRR16","proline rich 16",-331221
"chr13",108280736,108281967,1232,-1.1214954613178,0.944023068213824,0.0423047152681195,"Intron (ENST00000430559.5/10673, intron 2 of 4)","10673","TNFSF13B","TNF superfamily member 13b",10509
"chr6",11526610,11527118,509,-0.828672475838236,0.414336237919118,0.0423414567701031,"Distal Intergenic","100113407","TMEM170B","transmembrane protein 170B",-10631
"chr9",98100982,98102450,1469,-0.732645414001535,0.79591295943543,0.0423434448724734,"Intron (ENST00000375098.7/9830, intron 2 of 6)","9830","TRIM14","tripartite motif containing 14",-12981
"chr12",27180185,27181013,829,-1.25235614114153,1.09608734493621,0.0423598445197378,"Distal Intergenic","23012","STK38L","serine/threonine kinase 38 like",-62955
"chr1",228837435,228839024,1590,-1.08552077089938,1.6992812780688,0.0423762283880731,"Distal Intergenic","58480","RHOU","ras homolog family member U",101956
"chr17",59726254,59726660,407,-0.864050517448671,0.740301767970667,0.0423873995276464,"Intron (ENST00000585847.6/81671, intron 1 of 10)","81671","VMP1","vacuole membrane protein 1",-8678
"chrX",13487797,13488561,765,0.91546478416669,0.457732392083345,0.042448308649775,"Distal Intergenic","25975","EGFL6","EGF like domain multiple 6",-81040
"chr3",197031382,197032175,794,-0.932760901402628,0.466380450701314,0.0424718843414648,"Promoter (1-2kb)","4241","MELTF","melanotransferrin",-1547
"chr5",35863205,35863603,399,-0.907236583634042,0.453618291817021,0.0424757416345749,"Intron (ENST00000511031.1/3575, intron 2 of 2)","3575","IL7R","interleukin 7 receptor",6313
"chr10",11148957,11149849,893,-0.723788802947978,1.25023507336573,0.0424907436914128,"Intron (ENST00000637215.1/10659, intron 2 of 14)","10659","CELF2","CUGBP Elav-like family member 2",-15181
"chr5",181160867,181161711,845,-0.876231598030148,0.438115799015074,0.0425126095960075,"Distal Intergenic","285659","OR2V2","olfactory receptor family 2 subfamily V member 2",13229
"chr16",47612629,47613257,629,-0.965739664950287,0.482869832475144,0.042517172467804,"Intron (ENST00000566044.5/5257, intron 15 of 31)","5257","PHKB","phosphorylase kinase regulatory subunit beta",16201
"chr12",44861126,44861891,766,-0.935987404522799,0.4679937022614,0.0425398761157703,"Intron (ENST00000395487.6/4753, intron 2 of 19)","4753","NELL2","neural EGFL like 2",-9279
"chr6",160612709,160613066,358,-0.876444903766424,0.438222451883212,0.0425462715278322,"Exon (ENST00000316300.10/4018, exon 15 of 39)","4018","LPA","lipoprotein(a)",51209
"chr4",38654318,38655720,1403,-0.964298016875481,2.02046387730766,0.0425776569676149,"Intron (ENST00000655930.1/79667, intron 1 of 9)","51274","KLF3","KLF transcription factor 3",-8477
"chr2",42101493,42103024,1532,-0.635496689649442,0.80896935154517,0.0425881545552334,"Distal Intergenic","91461","PKDCC","protein kinase domain containing, cytoplasmic",46536
"chrX",1656901,1658490,1590,-1.01413252803009,1.52217271334235,0.0426716182617321,"Distal Intergenic","438","ASMT","acetylserotonin O-methyltransferase",20503
"chr12",14401169,14402912,1744,-0.980251520889776,1.46786564457843,0.0426766567660232,"Intron (ENST00000539659.5/55729, intron 1 of 7)","55729","ATF7IP","activating transcription factor 7 interacting protein",-5578
"chrX",10118828,10119517,690,-0.861559680698024,0.430779840349012,0.0426852208586705,"Intron (ENST00000380861.10/55841, intron 12 of 23)","1183","CLCN4","chloride voltage-gated channel 4",-37458
"chr6",155171102,155172525,1424,-1.10747298090406,1.08285775468106,0.0426902095955636,"Intron (ENST00000461783.7/26230, intron 11 of 28)","26230","TIAM2","TIAM Rac1 associated GEF 2",-10790
"chr20",37070675,37072387,1713,-0.960423007692385,1.12374004267807,0.042692746888997,"Promoter (2-3kb)","5933","RBL1","RB transcriptional corepressor like 1",-2620
"chr17",58380051,58382976,2926,-0.988414228038402,1.15708271133252,0.0426968477002444,"Intron (ENST00000583841.1/100506779, intron 1 of 2)","54894","RNF43","ring finger protein 43",-16459
"chr16",88024481,88025633,1153,-0.991327019294955,0.495663509647477,0.0426976779741725,"Intron (ENST00000700483.1/54971, intron 7 of 12)","54971","BANP","BTG3 associated nuclear protein",7291
"chr2",108651688,108653625,1938,-0.996957904927351,1.47619470812193,0.0427121151057587,"Promoter (1-2kb)","3987","LIMS1","LIM zinc finger domain containing 1",-1187
"chr7",36686610,36686991,382,-0.952402059052964,0.476201029526482,0.0427425035852695,"3' UTR","313","AOAH","acyloxyacyl hydrolase",-25310
"chr14",35203318,35203937,620,-0.820549470540435,0.410274735270218,0.0428510569573373,"Intron (ENST00000604948.5/127814298, intron 5 of 7)","5687","PSMA6","proteasome 20S subunit alpha 6",-74696
"chr3",68057540,68058259,720,-1.01589526783473,0.507947633917367,0.0428629015618149,"Intron (ENST00000478136.6/407738, intron 2 of 4)","407738","TAFA1","TAFA chemokine like family member 1",51310
"chr15",89825015,89826094,1080,-0.70320966094151,0.636937665353388,0.0428767167945587,"Distal Intergenic","290","ANPEP","alanyl aminopeptidase, membrane",-9614
"chr5",139774781,139775671,891,-1.00086254128227,0.500431270641135,0.0428821528497349,"Exon (ENST00000607370.1/ENST00000607370.1, exon 1 of 1)","84249","PSD2","pleckstrin and Sec7 domain containing 2",-20137
"chr1",149413022,149414194,1173,-0.775568494784691,0.387784247392345,0.0428974975801713,"Intron (ENST00000650865.2/100996717, intron 1 of 4)","100996717","NOTCH2NLC","notch 2 N-terminal like C",6646
"chr17",80765021,80766465,1445,-1.11781896914972,1.47094015395478,0.0429052024833928,"Intron (ENST00000574767.5/57521, intron 5 of 11)","57521","RPTOR","regulatory associated protein of MTOR complex 1",21734
"chr4",142406837,142407810,974,0.798196606318584,0.399098303159292,0.0429213947911375,"Promoter (1-2kb)","8821","INPP4B","inositol polyphosphate-4-phosphatase type II B",-1577
"chrX",104122779,104123736,958,0.918058822474685,0.459029411237342,0.0429493072276268,"Intron (ENST00000594199.3/401612, intron 1 of 1)","644353","ZCCHC18","zinc finger CCHC-type containing 18",9890
"chr21",6123772,6124336,565,-0.826045885727937,0.413022942863968,0.0429690991106306,"Exon (ENST00000613488.3/102724428, exon 14 of 14)","102724428","LOC102724428","salt inducible kinase 1B (putative)",12641
"chr4",40574503,40574881,379,-0.721017388320475,0.360508694160237,0.0429736667096309,"Intron (ENST00000295971.12/54502, intron 1 of 6)","54502","RBM47","RNA binding motif protein 47",54648
"chr5",60539173,60540114,942,-1.14024818005383,0.570124090026914,0.0430057495594058,"Exon (ENST00000674007.1/25859, exon 5 of 5)","5144","PDE4D","phosphodiesterase 4D",-17053
"chr12",12464995,12468571,3577,-0.955419841588828,1.32708657036809,0.0430073585377219,"3' UTR","80824","DUSP16","dual specificity phosphatase 16",37616
"chr7_KI270803v1_alt",722469,724020,1552,-0.798948956370309,0.399474478185155,0.0430103750895915,"5' UTR","5644","PRSS1","serine protease 1",-28045
"chr5",123429051,123430781,1731,-1.00193972287152,0.500969861435758,0.0430134933663867,"Distal Intergenic","153241","CEP120","centrosomal protein 120",-5459
"chr10",124618852,124620282,1431,-0.731820640700395,0.605494444327206,0.0430151717543189,"3' UTR","64077","LHPP","phospholysine phosphohistidine inorganic pyrophosphate phosphatase",6019
"chr1",2142645,2143266,622,-0.824266142257699,0.412133071128849,0.0430337966568039,"Promoter (1-2kb)","5590","PRKCZ","protein kinase C zeta",-1185
"chr12",39682559,39683870,1312,-1.04907943648472,1.30700113872678,0.0430385680865356,"Exon (ENST00000405531.7/283461, exon 8 of 11)","283461","REDIC1","regulator of DNA class I crossover intermediates 1",56341
"chr7",88355919,88356403,485,-1.15102123190627,0.575510615953135,0.0430683225520421,"Distal Intergenic","79689","STEAP4","STEAP4 metalloreductase",-49025
"chr8",130206523,130207016,494,-0.804647518271317,0.402323759135658,0.0430716378252137,"Intron (ENST00000518721.6/50807, intron 5 of 29)","50807","ASAP1","ArfGAP with SH3 domain, ankyrin repeat and PH domain 1",7608
"chr14",51866023,51866817,795,-0.865443812479933,0.432721906239966,0.0430792299008006,"Intron (ENST00000553432.5/54331, intron 2 of 3)","54331","GNG2","G protein subunit gamma 2",4699
"chr2",37664608,37665418,811,-0.724546351711505,0.362273175855752,0.0431208471057939,"Intron (ENST00000611976.1/10602, intron 1 of 1)","10602","CDC42EP3","CDC42 effector protein 3",6224
"chr12",123237809,123238249,441,0.756586612915888,0.378293306457944,0.0431582329726603,"Intron (ENST00000425637.3/91574, intron 1 of 2)","91574","MTRFR","mitochondrial translation release factor in rescue",4347
"chr3",11282407,11283554,1148,-0.843736491176435,0.897388655357733,0.043172703074566,"5' UTR","10533","ATG7","autophagy related 7",5188
"chr2",134197774,134198573,800,-0.957240012412619,0.47862000620631,0.0431803411634008,"Intron (ENST00000481801.5/4249, intron 1 of 1)","4249","MGAT5","alpha-1,6-mannosylglycoprotein 6-beta-N-acetylglucosaminyltransferase",-54531
"chr5",83505360,83506028,669,-0.843844411197167,0.421922205598583,0.0431974616325438,"Intron (ENST00000342785.8/1462, intron 5 of 13)","1462","VCAN","versican",-6074
"chr11",54199106,54199732,627,0.944224335777442,0.472112167888721,0.0432017481406709,"Distal Intergenic","119749","OR4C46","olfactory receptor family 4 subfamily C member 46",404266
"chr9",132486910,132487421,512,-0.879399806433509,0.439699903216754,0.0432161403970418,"Intron (ENST00000393215.7/389799, intron 1 of 3)","389799","CFAP77","cilia and flagella associated protein 77",76686
"chr12",122878203,122879390,1188,-0.754789680577694,0.377394840288847,0.043216624635392,"Exon (ENST00000623210.1/ENST00000623210.1, exon 1 of 1)","79720","VPS37B","VPS37B subunit of ESCRT-I",-6522
"chr8",60899434,60900176,743,-0.849378512393774,0.424689256196887,0.0432331101705774,"Intron (ENST00000668199.1/124901951, intron 3 of 4)","157807","CLVS1","clavesin 1",-9877
"chr1",107936570,107937420,851,-0.931116418189348,0.804882222782077,0.0432449745782847,"Intron (ENST00000370056.9/10451, intron 1 of 26)","10451","VAV3","vav guanine nucleotide exchange factor 3",26080
"chr6",108862513,108863986,1474,-1.0596626038664,1.80102572159838,0.0432996582449458,"Intron (ENST00000368972.7/84071, intron 2 of 16)","84071","ARMC2","armadillo repeat containing 2",-4992
"chr2",190996331,190997455,1125,-0.745965434904398,0.372982717452199,0.0433034473559465,"Intron (ENST00000673816.1/6772, intron 9 of 24)","6772","STAT1","signal transducer and activator of transcription 1",12458
"chr15",58738892,58739515,624,-0.949488700324928,0.474744350162464,0.0433324049611775,"Intron (ENST00000260408.8/102, intron 1 of 15)","102","ADAM10","ADAM metallopeptidase domain 10",9451
"chr6",11206100,11208234,2135,-0.736091683106487,0.878316039582858,0.0433761451693902,"Exon (ENST00000500636.2/ENST00000500636.2, exon 3 of 5)","4739","NEDD9","neural precursor cell expressed, developmentally down-regulated 9",-13533
"chr12",7542094,7542910,817,-1.05925199175287,0.994676127829122,0.0433839546766456,"Distal Intergenic","9332","CD163","CD163 molecule",-38201
"chr7",105447382,105449487,2106,-1.09685876509682,1.60480318348224,0.0434179933756825,"Intron (ENST00000481939.5/54517, intron 16 of 16)","54517","PUS7","pseudouridine synthase 7",22701
"chr13",46134894,46136226,1333,-0.737154340284563,0.368577170142281,0.0434273047752704,"Intron (ENST00000663159.1/100509894, intron 1 of 2)","3936","LCP1","lymphocyte cytosolic protein 1",6613
"chr6",144458935,144459982,1048,-1.14923027479202,0.932175332184954,0.0434328422661184,"Exon (ENST00000367545.8/7402, exon 20 of 75)","7402","UTRN","utrophin",114834
"chr10",127878719,127879289,571,-0.885199827310677,0.442599913655339,0.0434879035812839,"Intron (ENST00000368671.4/119467, intron 2 of 2)","119467","CLRN3","clarin 3",13652
"chr5",80189171,80189893,723,-0.610852524143534,0.509792966854804,0.0434965582571814,"Intron (ENST00000509193.5/256987, intron 2 of 12)","256987","SERINC5","serine incorporator 5",-21991
"chr4",128871771,128872259,489,-0.7775269094456,0.3887634547228,0.0435325449493279,"3' UTR","79960","JADE1","jade family PHD finger 1",40338
"chr7",86979091,86980024,934,-1.01245321487471,0.926891345594261,0.0435340667730421,"Intron (ENST00000450689.7/222223, intron 1 of 21)","222223","ELAPOR2","endosome-lysosome associated apoptosis and autophagy regulator family member 2",-13116
"chr9",65645438,65646256,819,-0.962793501571258,0.481396750785629,0.0435387585275705,"Distal Intergenic","220869","ZNG1E","Zn regulated GTPase metalloprotein activator 1E",-22549
"chr20",1664537,1666109,1573,-0.769216964092655,1.37614353920475,0.0435449085395164,"Exon (ENST00000340424.4/105369219, exon 5 of 5)","55423","SIRPG","signal regulatory protein gamma",-6758
"chr9",131584602,131586072,1471,-0.915155774671288,1.63915538592267,0.0435486271534281,"Intron (ENST00000419442.2/2889, intron 14 of 18)","2889","RAPGEF1","Rap guanine nucleotide exchange factor 1",35766
"chr21",29315300,29315703,404,-0.990705405692863,0.495352702846431,0.0435744273691772,"Intron (ENST00000548219.5/193629, intron 1 of 1)","571","BACH1","BTB domain and CNC homolog 1",10097
"chr5",132464006,132467782,3777,-0.71819983604472,1.18878060266373,0.0436656649352681,"Exon (ENST00000337752.6/441108, exon 4 of 4)","10111","RAD50","RAD50 double strand break repair protein",14354
"chr2",110946832,110947943,1112,-1.00955572318496,1.00415187961176,0.0436666036485572,"Intron (ENST00000676595.2/55289, intron 12 of 18)","55289","ACOXL","acyl-CoA oxidase like",-15681
"chr14",95185324,95186848,1525,-1.00929183975358,2.02423788642094,0.0437297966716026,"3' UTR","79789","CLMN","calmin",7069
"chr16",3007035,3009124,2090,-0.894235637692816,0.447117818846408,0.0437585045130497,"Exon (ENST00000607794.2/ENST00000607794.2, exon 1 of 1)","9080","CLDN9","claudin 9",-3799
"chr13",48542284,48543219,936,-0.981006429428642,0.874395562322278,0.0437706271067745,"Intron (ENST00000643064.1/5925, intron 1 of 1)","1102","RCBTB2","RCC1 and BTB domain containing protein 2",-9028
"chrX",65678932,65679853,922,-0.697339428559233,0.348669714279616,0.0437731561791471,"Intron (ENST00000609672.5/4478, intron 1 of 3)","4478","MSN","moesin",10677
"chr2",27081272,27082064,793,-0.98396827959392,1.25207555653941,0.0439358169723181,"Promoter (1-2kb)","11117","EMILIN1","elastin microfibril interfacer 1",-1531
"chr1",46166464,46167492,1029,-1.09133075306906,1.43347014884042,0.043953711788281,"Intron (ENST00000540385.2/110117499, intron 1 of 9)","10103","TSPAN1","tetraspanin 1",-7581
"chr17",59790443,59790849,407,-0.673014304880899,0.545152243890772,0.0439604572430128,"Intron (ENST00000585847.6/81671, intron 6 of 10)","81671","VMP1","vacuole membrane protein 1",-46388
"chr1",172394185,172395996,1812,-0.351036442204913,2.35679800711694,0.0440088621712953,"Exon (ENST00000484368.1/102724528, exon 5 of 5)","26052","DNM3","dynamin 3",6997
"chr17",30344290,30346074,1785,-0.886131856352229,0.884645512431404,0.0440397471750708,"Exon (ENST00000384403.1/ENST00000384403.1, exon 1 of 1)","388364","TMIGD1","transmembrane and immunoglobulin domain containing 1",-10231
"chr2",233230317,233231709,1393,-0.946519225891679,0.840074151301474,0.0440508132478655,"Intron (ENST00000431917.5/55054, intron 2 of 5)","55054","ATG16L1","autophagy related 16 like 1",-19862
"chr7",87039650,87040528,879,-1.03086494605098,1.41796442087775,0.044073295518943,"Intron (ENST00000450689.7/222223, intron 1 of 21)","222223","ELAPOR2","endosome-lysosome associated apoptosis and autophagy regulator family member 2",18987
"chr2",136280950,136282161,1212,-1.18592369719189,1.81528588005171,0.044089329766539,"Distal Intergenic","7852","CXCR4","C-X-C motif chemokine receptor 4",-161773
"chr20",2329764,2330853,1090,-0.906856463479872,0.453428231739936,0.0441854538182198,"Exon (ENST00000702069.1/ENST00000702069.1, exon 1 of 1)","7053","TGM3","transglutaminase 3",16786
"chr17",82603746,82604734,989,-0.816273958907419,0.768347331163522,0.0442279143742724,"3' UTR","3607","FOXK2","forkhead box K2",10324
"chr2",235043343,235044526,1184,-0.942638075400068,0.862786002992545,0.0442298206666618,"Intron (ENST00000392011.7/23677, intron 4 of 5)","23677","SH3BP4","SH3 domain binding protein 4",48503
"chr20",44992392,44993030,639,-0.710637226998604,0.566382743249822,0.0442323183351133,"Intron (ENST00000372806.8/6789, intron 5 of 10)","6789","STK4","serine/threonine kinase 4",5258
"chr8",6428341,6429487,1147,-0.88988751512604,0.444943757563019,0.0442578385258517,"Intron (ENST00000519480.6/79648, intron 3 of 7)","79648","MCPH1","microcephalin 1",-10439
"chr3",197801828,197802341,514,-0.928640166718436,0.464320083359218,0.0442910912341179,"Intron (ENST00000443727.1/84859, intron 1 of 3)","84859","LRCH3","leucine rich repeats and calponin homology domain containing 3",10554
"chr17",47810244,47810982,739,-0.85529280627795,0.427646403138975,0.0443133672831961,"Promoter (1-2kb)","114881","OSBPL7","oxysterol binding protein like 7",-1129
"chr20",49675015,49675661,647,-0.689365226032455,0.344682613016228,0.0443277807891629,"Intron (ENST00000371711.4/9334, intron 1 of 8)","9334","B4GALT5","beta-1,4-galactosyltransferase 5",38217
"chr7",142717642,142718313,672,-0.77360693407573,0.386803467037865,0.0443710617014112,"Exon (ENST00000688242.2/ENST00000688242.2, exon 2 of 2)","5644","PRSS1","serine protease 1",-31155
"chr1",109895436,109896811,1376,-0.844936681908458,0.422468340954229,0.0443797543039029,"Exon (ENST00000565955.1/ENST00000565955.1, exon 1 of 1)","1435","CSF1","colony stimulating factor 1",-13431
"chr5",35802708,35803359,652,-0.808970945625156,0.404485472812578,0.044394886595415,"Intron (ENST00000356031.8/79925, intron 34 of 36)","79925","SPEF2","sperm flagellar 2",21388
"chr17",58997310,58998125,816,-0.939311335015987,0.730299167235875,0.044406004447024,"Intron (ENST00000585287.5/4591, intron 4 of 4)","4591","TRIM37","tripartite motif containing 37",14282
"chr16",66983556,66985570,2015,-1.23547402340353,1.80822891196202,0.0444533299589172,"Distal Intergenic","283848","CES4A","carboxylesterase 4A",-3019
"chr15",64651424,64652850,1427,-1.12558111890321,1.68276877515012,0.0444546726454641,"Intron (ENST00000326648.5/23060, intron 3 of 9)","23060","ZNF609","zinc finger protein 609",7654
"chr3",20104806,20105840,1035,-0.921312291162513,0.743176280178182,0.0444766617559121,"Intron (ENST00000263754.5/8850, intron 5 of 17)","8850","KAT2B","lysine acetyltransferase 2B",-5754
"chr1",16420350,16421835,1486,-0.972249506330813,1.30754763912406,0.0444832371926196,"Exon (ENST00000335496.5/374955, exon 5 of 13)","374955","SPATA21","spermatogenesis associated 21",9536
"chr1",161409928,161410802,875,-1.05896693430771,1.34215313696632,0.0444835279950259,"Intron (ENST00000636161.1/ENST00000636161.1, intron 1 of 1)","257177","CFAP126","cilia and flagella associated protein 126",-42052
"chr12",8644252,8645253,1002,-1.1476039875704,1.89244390537444,0.0445156531942718,"Intron (ENST00000535411.5/8076, intron 9 of 9)","8076","MFAP5","microfibril associated protein 5",5301
"chr16",57588952,57589522,571,-0.661611628067124,0.330805814033562,0.0445241413846903,"Intron (ENST00000569839.1/221188, intron 1 of 2)","221188","ADGRG5","adhesion G protein-coupled receptor G5",14136
"chr7",64306552,64308264,1713,-0.979798200038414,1.25107336085747,0.0445766004087629,"Promoter (2-3kb)","728927","ZNF736","zinc finger protein 736",-2564
"chr3",52216666,52217904,1239,-0.790551783982964,0.954397302242658,0.0445936312337467,"Exon (ENST00000624096.1/ENST00000624096.1, exon 1 of 1)","211","ALAS1","5'-aminolevulinate synthase 1",5214
"chr10",43361256,43362944,1689,-1.22338996415171,1.8332445043943,0.0446203593469536,"Distal Intergenic","53828","FXYD4","FXYD domain containing ion transport regulator 4",-8692
"chr15",60551275,60552413,1139,-0.720792699814774,0.360396349907387,0.0446214021109949,"Intron (ENST00000559824.5/101928784, intron 3 of 5)","6095","RORA","RAR related orphan receptor A",-39178
"chr19",29622063,29624727,2665,-0.869809021368116,0.828741586292122,0.0446600251846546,"Distal Intergenic","10775","POP4","POP4 homolog, ribonuclease P/MRP subunit",8238
"chr1",161499329,161499958,630,-1.08961588723844,0.544807943619218,0.044665398557701,"Distal Intergenic","2212","FCGR2A","Fc gamma receptor IIa",-5472
"chr14",76863305,76864873,1569,-0.908981837238155,0.866974791493456,0.0446957408529818,"Intron (ENST00000393774.7/145497, intron 11 of 13)","145497","LRRC74A","leucine rich repeat containing 74A",36809
"chr1",46373376,46374660,1285,-0.956052712402252,0.870674721067135,0.044716795591929,"Distal Intergenic","2166","FAAH","fatty acid amide hydrolase",-19657
"chrX",9351365,9353598,2234,-0.983246607595459,1.4512214989343,0.0447992847927461,"Distal Intergenic","171483","FAM9B","family with sequence similarity 9 member B",-55683
"chr20",63902510,63903433,924,-0.761161492694091,0.643106173065304,0.0448450112784374,"Intron (ENST00000703636.1/7165, intron 4 of 4)","80331","DNAJC5","DnaJ heat shock protein family (Hsp40) member C5",7328
"chr12",9742534,9743739,1206,-0.891862395702051,1.30259798937457,0.0448456411207794,"Distal Intergenic","160365","CLECL1P","C-type lectin like 1, pseudogene",-9235
"chr16",83842499,83844113,1615,-0.940891541507162,0.819610094287816,0.044855848508142,"Intron (ENST00000689373.1/23417, intron 5 of 8)","3281","HSBP1","heat shock factor binding protein 1",34311
"chr8",8917169,8918185,1017,-0.756134821709664,0.932054983231907,0.0448791719762486,"Distal Intergenic","9258","MFHAS1","multifunctional ROCO family signaling regulator 1",-23539
"chr17",58232371,58233452,1082,-0.991963898665436,0.997534436148033,0.044902266866692,"Exon (ENST00000654179.1/105371841, exon 2 of 2)","4025","LPO","lactoperoxidase",-4974
"chr5",107990758,107991724,967,-1.06269026325294,0.94198156562823,0.0450087035647843,"Intron (ENST00000542267.7/64839, intron 7 of 8)","1946","EFNA5","ephrin A5",-319821
"chr8",47573088,47574878,1791,-0.984808235645779,1.95996988539845,0.0450419262079494,"Intron (ENST00000541342.2/23514, intron 7 of 18)","23514","SPIDR","scaffold protein involved in DNA repair",-79210
"chr11",61090819,61093955,3137,-0.84366334873284,1.02588412052856,0.0450472079793063,"Distal Intergenic","921","CD5","CD5 molecule",-8534
"chr1",160844479,160845079,601,-0.806573581367962,0.403286790683981,0.0450532979986384,"Intron (ENST00000368034.9/51744, intron 1 of 8)","51744","CD244","CD244 molecule",-5314
"chr15",58148407,58148923,517,-0.672908300671495,0.336454150335747,0.0450870728393223,"Intron (ENST00000558772.5/366, intron 1 of 5)","8854","ALDH1A2","aldehyde dehydrogenase 1 family member A2",-9582
"chr12",29241548,29243409,1862,-0.785185074183085,2.29064659785784,0.0451399758457681,"Intron (ENST00000686974.1/55711, intron 1 of 7)","55711","FAR2","fatty acyl-CoA reductase 2",17803
"chr10",62016098,62017583,1486,-1.03484529286499,1.57022397872699,0.0451418854136347,"Intron (ENST00000644638.1/84159, intron 4 of 4)","84159","ARID5B","AT-rich interaction domain 5B",-29079
"chr18",23422387,23423968,1582,-1.03182166094784,1.25268080957162,0.0451444664016678,"Intron (ENST00000581444.5/85019, intron 2 of 15)","85019","TMEM241","transmembrane protein 241",13885
"chr15",67082979,67083734,756,-0.630850975163744,0.315425487581872,0.0451675412526703,"Intron (ENST00000559460.6/4088, intron 1 of 8)","4088","SMAD3","SMAD family member 3",4993
"chr3",186772261,186773398,1138,-1.07480718356095,1.42411848738847,0.0451682754823071,"Exon (ENST00000430745.1/ENST00000430745.1, exon 1 of 1)","1974","EIF4A2","eukaryotic translation initiation factor 4A2",-9807
"chr8",141206118,141207438,1321,-0.995865991490614,1.58053370634951,0.0451760420986079,"3' UTR","22898","DENND3","DENN domain containing 3",13787
"chr21",46393272,46394569,1298,-0.906557763832497,0.453278881916248,0.0451984599010771,"Exon (ENST00000695558.1/5116, exon 22 of 48)","5116","PCNT","pericentrin",-17160
"chr6",24918736,24920217,1482,-0.668854049022671,0.334427024511335,0.0452826745730246,"Intron (ENST00000613507.4/9750, intron 1 of 22)","9750","RIPOR2","RHO family interacting cell polarization regulator 2",-7666
"chr2",68907608,68909740,2133,-1.01015521423003,1.49285355488695,0.0453188671881274,"Distal Intergenic","27302","BMP10","bone morphogenetic protein 10",-36211
"chr11",123068847,123070568,1722,-0.819681300749862,1.58444779929671,0.0453999850487288,"3' UTR","3312","HSPA8","heat shock protein family A (Hsp70) member 8",-5617
"chr3",66377655,66378665,1011,-0.933570649218655,1.07863608975022,0.0454164354489359,"3' UTR","26018","LRIG1","leucine rich repeats and immunoglobulin like domains 1",25745
"chr19",4051413,4053157,1745,-0.860189839972284,1.10233338291999,0.0454739234390276,"Intron (ENST00000322357.9/51341, intron 2 of 2)","51341","ZBTB7A","zinc finger and BTB domain containing 7A",12575
"chr1",228794042,228795154,1113,-0.888156775396934,1.11311229716461,0.0454910112276295,"Distal Intergenic","58480","RHOU","ras homolog family member U",58563
"chr2",231523759,231524861,1103,-0.79143211067778,0.773462344244888,0.0455101302170935,"Promoter (2-3kb)","10316","NMUR1","neuromedin U receptor 1",-2692
"chr10",110858175,110860156,1982,-0.62786778134151,0.947890333311933,0.0455225637529574,"Distal Intergenic","27250","PDCD4","programmed cell death 4",-11639
"chr4",7647948,7648850,903,-0.628724416633685,0.314362208316842,0.0456942829102648,"Intron (ENST00000507866.6/57537, intron 4 of 26)","57537","SORCS2","sortilin related VPS10 domain containing receptor 2",-85430
"chr20",34580087,34582198,2112,-0.986555158583828,1.42336346633734,0.045758521552862,"Exon (ENST00000217446.8/128869, exon 10 of 12)","84557","MAP1LC3A","microtubule associated protein 1 light chain 3 alpha",21312
"chr2",226030201,226032204,2004,-1.0564831608575,1.66476833104052,0.0457835660598429,"Distal Intergenic","57624","NYAP2","neuronal tyrosine-phosphorylated phosphoinositide-3-kinase adaptor 2",447293
"chr19",47955939,47956391,453,-0.886448338240036,0.443224169120018,0.0457972522547,"Distal Intergenic","100131137","BSPH1","binder of sperm protein homolog 1",35779
"chr18",3015470,3017531,2062,1.03209608277484,1.46762460868803,0.0458295848247791,"Promoter (2-3kb)","9663","LPIN2","lipin 2",-2326
"chr6",111737200,111737730,531,-0.539026538793961,0.445519182331755,0.0458309389889739,"Intron (ENST00000354650.7/2534, intron 3 of 13)","2534","FYN","FYN proto-oncogene, Src family tyrosine kinase",21384
"chr1",15429143,15430168,1026,-0.648917287192291,0.324458643596145,0.0458354287687877,"3' UTR","11330","CTRC","chymotrypsin C",-8274
"chr9",121131654,121133758,2105,-0.903447819653159,2.24948504939214,0.045878337397128,"Intron (ENST00000690496.1/11064, intron 13 of 17)","11064","CNTRL","centriolin",-4904
"chr6_GL000254v2_alt",4243131,4244389,1259,-1.06324438998657,1.18822114173461,0.0458823610281137,"Intron (ENST00000448590.1/3109, intron 1 of 3)","3109","HLA-DMB","major histocompatibility complex, class II, DM beta",-3018
"chr21",34907580,34908094,515,-0.810183554113741,0.728446636279192,0.0459050897182291,"Intron (ENST00000437180.5/861, intron 2 of 8)","861","RUNX1","RUNX family transcription factor 1",-17790
"chr5",179836317,179837827,1511,-0.9039550853665,1.20041568294032,0.0459332905325893,"3' UTR","51149","MRNIP","MRN complex interacting protein",6393
"chr5",141608045,141608733,689,0.757842456078279,0.80857775922319,0.0460783581861549,"Intron (ENST00000389054.8/1729, intron 1 of 27)","1729","DIAPH1","diaphanous related formin 1",10181
"chr11",62497044,62498196,1153,-0.77000291763137,0.997026079450461,0.0460818288393565,"Intron (ENST00000530124.5/79026, intron 2 of 2)","79026","AHNAK","AHNAK nucleoprotein",19161
"chr22",26542601,26544588,1988,-0.884287914603986,0.749162280147605,0.0461277052882586,"Promoter (1-2kb)","8459","TPST2","tyrosylprotein sulfotransferase 2",-1730
"chr2",156400062,156401258,1197,-1.04521602440466,1.56748220293217,0.0461621312831516,"Distal Intergenic","2820","GPD2","glycerol-3-phosphate dehydrogenase 2",-34032
"chr13",48499818,48501584,1767,-0.792524951962115,1.18408907473092,0.0463113642577971,"Intron (ENST00000643064.1/5925, intron 1 of 1)","1102","RCBTB2","RCC1 and BTB domain containing protein 2",-7245
"chr13",95707034,95708791,1758,-0.939041578962037,1.46849879248016,0.0463276098251953,"Intron (ENST00000602402.6/5611, intron 1 of 11)","5611","DNAJC3","DnaJ heat shock protein family (Hsp40) member C3",29876
"chr12",61871284,61872095,812,-1.14598888765242,0.57299444382621,0.0463495371491399,"Intron (ENST00000416284.8/338811, intron 1 of 4)","338811","TAFA2","TAFA chemokine like family member 2",-44051
"chr6",28383142,28384134,993,-0.978365257003223,0.858497592336201,0.0463604008947854,"Intron (ENST00000361028.5/9753, intron 4 of 4)","9753","ZSCAN12","zinc finger and SCAN domain containing 12",15597
"chr10",17427359,17429026,1668,-0.959562493589611,1.61030481734774,0.0463789499094359,"Intron (ENST00000657045.1/100128098, intron 3 of 6)","338596","ST8SIA6","ST8 alpha-N-acetyl-neuraminide alpha-2,8-sialyltransferase 6",25170
"chr8",133129533,133131416,1884,-0.931803714774417,1.11248644483686,0.0464843251250462,"Promoter (1-2kb)","7038","TG","thyroglobulin",-1971
"chr12",31748725,31749833,1109,-0.75475248934993,0.568974754035586,0.0464848010326951,"Distal Intergenic","196394","AMN1","antagonist of mitotic exit network 1 homolog",-19604
"chr13",32045948,32046574,627,-0.850108468697673,1.01851309594116,0.0466546863998229,"Intron (ENST00000645780.1/10129, intron 2 of 61)","10129","FRY","FRY microtubule binding protein",14174
"chr5",75565736,75566978,1243,-0.939273594040549,1.53211376875607,0.0466874268148224,"Intron (ENST00000503479.6/51426, intron 2 of 13)","51426","POLK","DNA polymerase kappa",13265
"chr12",56581043,56582259,1217,-0.934067731269596,0.888420326072359,0.0467202648813048,"3' UTR","5939","RBMS2","RNA binding motif single stranded interacting protein 2",9345
"chr10",50410326,50410893,568,-0.955646227613064,0.477823113806532,0.0467215772646456,"Intron (ENST00000429490.5/259230, intron 6 of 9)","259230","SGMS1","sphingomyelin synthase 1",7585
"chr1",2290033,2291552,1520,-0.980820915093486,1.55469853019671,0.0467669913472609,"Intron (ENST00000704337.1/6497, intron 1 of 3)","6497","SKI","SKI proto-oncogene",-12094
"chr22",42937242,42937928,687,-0.63935246191948,0.31967623095974,0.0468083629353281,"Intron (ENST00000337959.8/11252, intron 1 of 9)","11252","PACSIN2","protein kinase C and casein kinase substrate in neurons 2",7945
"chr2",147629269,147631702,2434,-0.785872708030069,0.984496327728383,0.0468907803594072,"Distal Intergenic","92","ACVR2A","activin A receptor type 2A",-212815
"chr19",7652388,7652774,387,-0.756300344398721,0.37815017219936,0.0469366856240068,"Distal Intergenic","6813","STXBP2","syntaxin binding protein 2",5333
"chr5",142998246,142998902,657,-0.616215775174865,0.482188729253832,0.0469370043585268,"Intron (ENST00000645722.2/23092, intron 11 of 22)","23092","ARHGAP26","Rho GTPase activating protein 26",-11834
"chr3",71389712,71391069,1358,-1.09609122206504,1.60775120575529,0.0469470028385575,"Intron (ENST00000318789.11/27086, intron 3 of 20)","27086","FOXP1","forkhead box P1",-28943
"chr6",44237297,44238322,1026,-1.00825332300273,1.36911598257617,0.0469568242354802,"Distal Intergenic","2030","SLC29A1","solute carrier family 29 member 1 (Augustine blood group)",5241
"chr3",4474173,4475538,1366,-0.88511579896282,1.64807676641466,0.0469615360675518,"Distal Intergenic","285362","SUMF1","sulfatase modifying factor 1",-6900
"chr8",100809374,100810724,1351,-1.0411963347634,1.15381899600643,0.0471768602002763,"Distal Intergenic","26986","PABPC1","poly(A) binding protein cytoplasmic 1",-86612
"chr3",133489711,133491831,2121,-1.07184529447665,1.60704288354292,0.0471813830133861,"Exon (ENST00000512176.1/ENST00000512176.1, exon 1 of 1)","8419","BFSP2","beaded filament structural protein 2",17369
"chr22",50361268,50362269,1002,-0.940483319284017,1.1346102429357,0.0471894238222204,"Intron (ENST00000359139.7/9701, intron 1 of 22)","9701","PPP6R2","protein phosphatase 6 regulatory subunit 2",-9803
"chr1",84973829,84975398,1570,-0.926842062382288,0.797486019087416,0.0472210870742238,"Intron (ENST00000370608.8/255231, intron 1 of 13)","255231","MCOLN2","mucolipin TRP cation channel 2",21714
"chr6_GL000253v2_alt",914880,915223,344,-1.0124208514136,0.506210425706799,0.0472824749962326,"Distal Intergenic","4340","MOG","myelin oligodendrocyte glycoprotein",-6875
"chr12",7977108,7978282,1175,-0.892080293081307,0.446040146540653,0.0473261862649697,"Intron (ENST00000707174.1/6515, intron 2 of 14)","6515","SLC2A3","solute carrier family 2 member 3",40725
"chr15",60527427,60529026,1600,-0.88719127961622,0.669254900950867,0.0474243253858746,"Exon (ENST00000501579.7/101928784, exon 5 of 6)","6095","RORA","RAR related orphan receptor A",-15330
"chr6",108588729,108589743,1015,-0.977502603127964,1.28041822838118,0.0474736994656505,"Intron (ENST00000343882.10/2309, intron 2 of 3)","2309","FOXO3","forkhead box O3",27812
"chr2",68402678,68404042,1365,-1.04140886367397,2.03757313565333,0.0474892949748583,"Distal Intergenic","5341","PLEK","pleckstrin",14736
"chr5",32240118,32241599,1482,-0.777206661224841,0.957123948111042,0.0475054810809085,"Intron (ENST00000280285.9/54545, intron 12 of 14)","54545","MTMR12","myotubularin related protein 12",-6225
"chr12",108305471,108307631,2161,-0.730672701007681,1.14053493763278,0.0475502530180931,"Intron (ENST00000412676.5/1240, intron 1 of 2)","1240","CMKLR1","chemerin chemokine-like receptor 1",10286
"chr4",40709460,40710908,1449,-0.910013554792706,0.783700654463129,0.0475852267706372,"Distal Intergenic","79730","NSUN7","NOP2/Sun RNA methyltransferase family member 7",-39017
"chr3",42761236,42763167,1932,-0.985962151084019,1.3835877982035,0.0476262107997602,"Intron (ENST00000310232.11/152206, intron 1 of 15)","152206","CCDC13","coiled-coil domain containing 13",-4116
"chr12",121776334,121776929,596,-0.900038491362544,1.03928794183999,0.0476896281045543,"3' UTR","54509","RHOF","ras homolog family member F, filopodia associated",16431
"chr1",12208774,12209443,670,-0.548504079762579,0.274252039881289,0.0477312912302143,"3' UTR","7133","TNFRSF1B","TNF receptor superfamily member 1B",16936
"chr3",30641714,30642344,631,-0.563255709981957,0.281627854990978,0.0477508214311986,"Intron (ENST00000295754.10/7048, intron 1 of 6)","7048","TGFBR2","transforming growth factor beta receptor 2",10557
"chr10",450549,451485,937,-0.784570818654897,0.719720298855391,0.0478140018995826,"Intron (ENST00000280886.12/22982, intron 3 of 36)","22982","DIP2C","disco interacting protein 2 homolog C",-60533
"chr6",73584944,73586833,1890,-0.38086525354405,2.82265546721604,0.0478153146237196,"Distal Intergenic","26503","SLC17A5","solute carrier family 17 member 5",57630
"chr12",6335887,6337605,1719,-0.377980438003051,0.302042775561792,0.0478287167173692,"Promoter (2-3kb)","7132","TNFRSF1A","TNF receptor superfamily member 1A",-2445
"chr12",15688373,15689161,789,-0.823319610792115,1.14631897622381,0.0478365938014762,"Intron (ENST00000281172.10/2059, intron 1 of 20)","2059","EPS8","EGFR pathway substrate 8, signaling adaptor",-18906
"chr15",77078363,77079412,1050,-1.03334061840019,0.979595337580291,0.0480082873215041,"Intron (ENST00000558745.5/10099, intron 1 of 6)","10099","TSPAN3","tetraspanin 3",4572
"chr13",43054783,43055717,935,-0.30662825778202,2.77402221914666,0.0480171995817075,"Intron (ENST00000474320.1/29103, intron 1 of 3)","29103","DNAJC15","DnaJ heat shock protein family (Hsp40) member C15",31197
"chr2",68784640,68785218,579,-0.580550090304209,0.290275045152105,0.0480405675707875,"Intron (ENST00000463483.5/9938, intron 4 of 7)","9938","ARHGAP25","Rho GTPase activating protein 25",9700
"chr15",94307009,94307942,934,-0.94112864769727,1.00838434115193,0.0480491170837035,"Intron (ENST00000543482.5/55784, intron 2 of 9)","55784","MCTP2","multiple C2 and transmembrane domain containing 2",8743
"chr1",100445325,100445861,537,0.620069639074048,0.310034819537024,0.0481152626923361,"Intron (ENST00000644844.1/8556, intron 7 of 15)","8556","CDC14A","cell division cycle 14A",21593
"chr2",28366038,28367354,1317,-0.920989828594494,1.1644231238925,0.0481352999241657,"Distal Intergenic","2355","FOSL2","FOS like 2, AP-1 transcription factor subunit",-25094
"chr5",144189847,144190448,602,-1.05582470432293,1.15020410045516,0.0482361329777695,"Intron (ENST00000512467.6/57528, intron 2 of 3)","57528","KCTD16","potassium channel tetramerization domain containing 16",-14829
"chr12",11981247,11982355,1109,-1.08244029328843,2.06783045715496,0.0482684963459156,"Distal Intergenic","79370","BCL2L14","BCL2 like 14",-67489
"chr2",3180401,3181184,784,0.150261852250019,2.84617998040014,0.0482898729348214,"Distal Intergenic","7260","EIPR1","EARP complex and GARP complex interacting protein 1",13207
"chrX",10110297,10112133,1837,-0.827596879780159,1.43257081048728,0.0482932746414185,"Intron (ENST00000380861.10/55841, intron 10 of 23)","1183","CLCN4","chloride voltage-gated channel 4",-44842
"chr9",131839231,131840503,1273,-0.971647490954297,0.836419553800026,0.0482988165409983,"Distal Intergenic","2889","RAPGEF1","Rap guanine nucleotide exchange factor 1",-99155
"chr9",219624,220256,633,-0.540998108549827,0.270499054274913,0.0484322243379401,"Intron (ENST00000469197.5/81704, intron 1 of 4)","157983","DOCK8-AS1","DOCK8 antisense RNA 1",-3731
"chrX",9986118,9987189,1072,-0.847016264850303,0.423508132425151,0.0484394400233396,"Distal Intergenic","100288814","CLDN34","claudin 34",18760
"chr10",22652824,22653481,658,-0.559178531827189,0.279589265913595,0.0484455869536383,"Intron (ENST00000376573.9/5305, intron 1 of 9)","5305","PIP4K2A","phosphatidylinositol-5-phosphate 4-kinase type 2 alpha",-43107
"chr6",127950302,127953073,2772,-1.05056687500816,1.21968279582727,0.0485288756948573,"Distal Intergenic","387357","THEMIS","thymocyte selection associated",-31671
"chr14",98984013,98986185,2173,-1.0233194195389,1.56871959294067,0.0485641307022095,"Distal Intergenic","283598","LINC02914","long intergenic non-protein coding RNA 2914",272351
"chr3",161034659,161035555,897,-1.13372594721945,0.867005020897838,0.0485878609060597,"Intron (ENST00000498165.6/151742, intron 2 of 3)","8706","B3GALNT1","beta-1,3-N-acetylgalactosaminyltransferase 1 (Globoside blood group)",56624
"chr10",126947337,126948396,1060,0.883373758259949,1.88491051626731,0.0486052292823936,"Intron (ENST00000280333.9/1793, intron 1 of 51)","1793","DOCK1","dedicator of cytokinesis 1",41909
"chr16",1003821,1004572,752,-0.979065116320535,0.489532558160267,0.0486250571576698,"Distal Intergenic","30812","SOX8","SRY-box transcription factor 8",21735
"chr19",46953371,46955645,2275,-0.722154580412141,1.57080146209874,0.0486995234157681,"Intron (ENST00000672722.1/2909, intron 3 of 6)","2909","ARHGAP35","Rho GTPase activating protein 35",16051
"chr16",17362635,17364310,1676,-0.714459886563011,1.01547750637143,0.0488155701065165,"Intron (ENST00000261381.7/64131, intron 1 of 11)","64131","XYLT1","xylosyltransferase 1",5415
"chr14",74401447,74403235,1789,-0.981327055696575,1.17289444474153,0.0488160696747036,"Distal Intergenic","646658","SYNDIG1L","synapse differentiation inducing 1 like",6571
"chr14",77640941,77642554,1614,-0.98300806549027,1.94689505868649,0.0488614004328448,"Distal Intergenic","9517","SPTLC2","serine palmitoyltransferase long chain base subunit 2",-24304
"chr5",142981731,142982389,659,-0.544049112107307,0.272024556053653,0.049013995463933,"Intron (ENST00000645722.2/23092, intron 11 of 22)","23092","ARHGAP26","Rho GTPase activating protein 26",12400
"chrX",64842437,64843972,1536,-0.998123353904205,1.58482343191242,0.0490848681919762,"Distal Intergenic","55906","ZC4H2","zinc finger C4H2-type containing",132415
"chr2",196131553,196133017,1465,-0.917558280921055,1.13256090088144,0.0491020106504352,"Distal Intergenic","9262","STK17B","serine/threonine kinase 17b",37983
"chr22",39935783,39936341,559,-0.520826055263526,0.260413027631763,0.0491122602503022,"Intron (ENST00000344138.9/9402, intron 1 of 7)","9402","GRAP2","GRB2 related adaptor protein 2",9134
"chr1",149558357,149560274,1918,-0.987060354952116,1.38695646935319,0.0491136893108319,"Distal Intergenic","653598","PPIAL4C","peptidylprolyl isomerase A like 4C",-23574
"chr19",2257526,2258937,1412,-1.06357972185033,1.56979323249012,0.0491248338541418,"Promoter (1-2kb)","126306","JSRP1","junctional sarcoplasmic reticulum protein 1",-1109
"chr16",48559499,48560068,570,-0.766478395187158,0.383239197593579,0.0491830948654499,"Exon (ENST00000563994.1/ENST00000563994.1, exon 1 of 3)","9683","N4BP1","NEDD4 binding protein 1",-5846
"chr12",45983925,45985131,1207,-0.883629044446772,1.17545404358689,0.0493251750238554,"Intron (ENST00000369367.8/9169, intron 1 of 14)","9169","SCAF11","SR-related CTD associated factor 11",5434
"chr3",152308098,152309435,1338,-0.983972750156633,1.20335848243017,0.0493253018234253,"Intron (ENST00000282486.10/4154, intron 2 of 9)","4154","MBNL1","muscleblind like splicing regulator 1",7900
"chr4",7827778,7829244,1467,-1.16534673193236,1.41829879170606,0.0493392491288318,"Intron (ENST00000360265.9/60312, intron 5 of 15)","60312","AFAP1","actin filament associated protein 1",-11730
"chr2",108613430,108613972,543,-0.569711214121064,0.284855607060532,0.0493723533938868,"Intron (ENST00000695516.1/3987, intron 1 of 9)","3987","LIMS1","LIM zinc finger domain containing 1",6269
"chr2",113180462,113182271,1810,-0.714081040978448,0.61236016838327,0.0494477344082022,"Promoter (2-3kb)","23550","PSD4","pleckstrin and Sec7 domain containing 4",-2773
"chr1",25362886,25364336,1451,-0.937457396610232,1.47252477299118,0.0495753074449983,"Intron (ENST00000294413.13/6006, intron 9 of 9)","23585","TMEM50A","transmembrane protein 50A",20294
"chr11",33222560,33223121,562,-1.09348250056663,0.983155083647673,0.0495765394677053,"Distal Intergenic","10114","HIPK3","homeodomain interacting protein kinase 3",-33551
"chr19",51786060,51787522,1463,-0.654709095450402,1.04636691402999,0.0495784401567941,"Intron (ENST00000594900.2/2357, intron 1 of 2)","2359","FPR3","formyl peptide receptor 3",-7635
"chr10",79083608,79085602,1995,-0.945519876744736,1.2809632750463,0.0496268744111981,"Intron (ENST00000334512.10/57178, intron 1 of 24)","57178","ZMIZ1","zinc finger MIZ-type containing 1",14642
"chr3",3191664,3193056,1393,-0.378224581990976,2.2416522616678,0.0496858915515067,"Distal Intergenic","51185","CRBN","cereblon",-11937
"chr2",60660815,60663356,2542,-0.954547297599664,0.883109057197268,0.0497253012999037,"Distal Intergenic","64895","PAPOLG","poly(A) polymerase gamma",-92897
"chr12",51326591,51327313,723,-0.526689399370153,0.421647828882608,0.0497311805781141,"Promoter (1-2kb)","51411","BIN2","bridging integrator 2",-1923
"chr4",102630497,102631260,764,-0.992295601845036,1.62301659538399,0.0497973027429195,"3' UTR","4790","NFKB1","nuclear factor kappa B subunit 1",18048
"chr1",161623647,161624021,375,-0.59924767343219,0.299623836716095,0.049819244087011,"3' UTR","2215","FCGR3B","Fc gamma receptor IIIb",7011
"chr17",73141610,73143699,2090,-0.84884962762641,1.16323216004631,0.0498589045278365,"Distal Intergenic","6752","SSTR2","somatostatin receptor 2",-21278
"chr14",55302486,55305406,2921,-0.731046559277014,2.16766670079612,0.0498760466082201,"Intron (ENST00000681400.1/55030, intron 2 of 2)","55030","FBXO34","F-box protein 34",30275
"chr16",84765383,84767242,1860,-0.769005892476653,0.851040900408189,0.0498887265023689,"Promoter (1-2kb)","9100","USP10","ubiquitin specific peptidase 10",-1023
"chr10",62853569,62854236,668,-1.19194024147744,1.07209722860896,0.0499121777697497,"Intron (ENST00000493899.2/107984012, intron 6 of 7)","1959","EGR2","early growth response 2",-34402
"chr16",30813359,30814947,1589,-1.04210961805102,1.94433775881484,0.0499144601029758,"Distal Intergenic","9274","BCL7C","BAF chromatin remodeling complex subunit BCL7C",25807
"chr10",38038037,38039584,1548,-1.16696229715799,1.46409928136725,0.0499404077703533,"Intron (ENST00000307441.13/7581, intron 5 of 5)","7581","ZNF33A","zinc finger protein 33A",27338
"chr17",61904077,61905222,1146,-0.884836906660017,1.18247979430075,0.0499811679278014,"3' UTR","57508","INTS2","integrator complex subunit 2",-9891
